,Timestamp,Time at Apple,Current Role,Years in Current Role,Current Hourly Rate,Annual Salary,RSU Grant,Age,State/Province,Ethnicity,Gender,State Count
376,4/21/2022 23:43:28,10-15 years,Genius Admin,2-5 years,26.52,"$55,000","$3,000",31-40,AL,White,Man,1
55,4/18/2022 17:31:09,10-15 years,Genius,6-8 years,30.0,"$63,000.00",2000,31-40,NY,Black or African American,Man,1
608,5/1/2022 20:31:12,6-10 years,Genius Admin,2-5 years,30.19,"$62,794","$2,000",21-30,NY,Hispanic or Latino or Spanish Origin of any race,Woman,1
234,4/20/2022 10:40:53,6-10 years,Genius,2-5 years,28.4,"$59,072.00","$2,000.00",21-30,NY,White,Man,1
193,4/19/2022 17:03:40,6-10 years,aha advisor,0-1 years,26.1,"$54,000.00","$2,000.00",31-40,NY,Hispanic or Latino or Spanish Origin of any race,Man,1
42,4/18/2022 16:29:22,6-10 years,Operations Specialist,6-8 years,22.5,"$41,000.00","1,000",21-30,NY,White,Woman,1
670,5/28/2022 15:16:54,2-5 years,Specialist,2-5 years,23.9,"$49,000",?,21-30,NY,Hispanic or Latino or Spanish Origin of any race,Man,1
219,4/20/2022 0:34:55,6-10 years,Manager,0-1 years,41.0,"$90,781.00","$20,000.00",31-40,NY,Black or African American,Man,1
282,4/20/2022 22:50:42,10-15 years,Pro,0-1 years,32.38,"$67,373",2000,31-40,NY,White,Woman,1
279,4/20/2022 21:57:59,2-5 years,Genius,0-1 years,25.45,"52,000","2,000",41-50,NY,White,Man,1
19,4/18/2022 15:17:41,6-10 years,Operations Specialist,2-5 years,24.0,"$49,000.00","$2,000.00",21-30,NY,Hispanic or Latino or Spanish Origin of any race,Woman,1
18,4/18/2022 15:06:50,2-5 years,Specialist,2-5 years,24.27,"$50,492.00","$4,806.00",21-30,NY,Black or African American,Woman,1
276,4/20/2022 21:18:35,2-5 years,Creative Pro,2-5 years,30.0,"$63,176","$1,864",31-40,NY,White,Man,1
275,4/20/2022 21:12:21,2-5 years,Expert,0-1 years,25.68,"$53,413","$2,500",21-30,NY,Asian,Woman,1
271,4/20/2022 20:38:24,2-5 years,Technical Expert,0-1 years,26.57,"$52,000","$1,500",21-30,NY,Hispanic or Latino or Spanish Origin of any race,Woman,1
249,4/20/2022 14:41:25,6-10 years,Genius,2-5 years,31.2,"$64,885","$2,000",21-30,NY,White,Woman,1
222,4/20/2022 1:29:20,0-1 years,Operations Specialist,0-1 years,23.0,"$24,000.00","$2,000.00",21-30,NY,Asian,Man,1
223,4/20/2022 2:04:51,6-10 years,People Operations Planner,2-5 years,30.52,"$63,460.00","$2,000.00",31-40,NY,Hispanic or Latino or Spanish Origin of any race,Woman,1
6,4/18/2022 14:24:00,6-10 years,Genius Admin,0-1 years,26.74,"$50,000.00"," $ 1,400.00 ",31-40,NY,American Indian or Alaskan Native,Man,1
266,4/20/2022 18:55:29,6-10 years,Genius,2-5 years,30.84,64128,1000,21-30,NY,Hispanic or Latino or Spanish Origin of any race,Man,1
684,6/8/2022 23:48:10,2-5 years,Operations Specialist,0-1 years,22.82,"47,455","1,600",21-30,NY,White,Woman,1
4,4/18/2022 14:22:03,6-10 years,Genius,2-5 years,29.5,"$61,000.00"," $ 1,000.00 ",21-30,NY,White,Man,1
229,4/20/2022 7:26:26,6-10 years,Genius,6-8 years,32.0,"$32,000.00","$3,000.00",31-40,NY,White,Woman,1
260,4/20/2022 17:22:25,2-5 years,Operations Specialist,2-5 years,24.0,"$24,000",0,21-30,NY,White,Man,1
216,4/19/2022 23:58:01,6-10 years,Genius,0-1 years,30.97,"$64,425.00","$2,000.00",21-30,NY,Hispanic or Latino or Spanish Origin of any race,Man,1
662,5/26/2022 9:10:06,6-10 years,Genius,0-1 years,28.5,"$55,000","1,500",21-30,NY,White,Woman,1
20,4/18/2022 15:20:59,2-5 years,Technical Specialist,2-5 years,24.3,"$51,000.00","$1,500.00",21-30,NY,Hispanic or Latino or Spanish Origin of any race,Woman,1
25,4/18/2022 15:40:49,2-5 years,Operations Specialist,0-1 years,24.12,"$25,000.00","$3,000.00",21-30,NY,Hispanic or Latino or Spanish Origin of any race,Man,1
168,4/19/2022 11:54:25,6-10 years,operations analyst ,0-1 years,29.32,"$63,092.00","$2,690.00",31-40,NY,Hispanic or Latino or Spanish Origin of any race,Woman,1
167,4/19/2022 11:27:55,2-5 years,Operations Specialist,2-5 years,24.42,"$28,500.00","$1,800.00",21-30,NY,White,Man,1
165,4/19/2022 11:12:45,2-5 years,Lead Genius,0-1 years,36.88,"$76,709.00","$3,500.00",31-40,NY,Black or African American,Woman,1
163,4/19/2022 11:06:47,6-10 years,Operations Expert,2-5 years,28.44,"$59,143.00",$0.00,31-40,NY,Hispanic or Latino or Spanish Origin of any race,Woman,1
51,4/18/2022 17:22:05,10-15 years,Operations Lead,2-5 years,35.77,"$74,397.00",3000,31-40,NY,White,Woman,1
183,4/19/2022 14:33:16,2-5 years,operations analyst ,0-1 years,30.3,"$63,024.00","$1,200.00",21-30,NY,Black or African American,Woman,1
245,4/20/2022 13:44:12,0-1 years,Technical Specialist,0-1 years,23.0,"$21,000.00",$0.00,31-40,NY,Hispanic or Latino or Spanish Origin of any race,Man,1
346,4/21/2022 16:14:48,2-5 years,Operations Expert,0-1 years,27.0,"56,177",2000,21-30,NY,White,Man,1
344,4/21/2022 15:18:52,2-5 years,Genius,0-1 years,29.01,"$60,200","$2,000",21-30,NY,Asian,I choose not to disclose,1
341,4/21/2022 14:46:13,2-5 years,Genius,0-1 years,29.62,"$30,000","$2,000",21-30,NY,Asian,Woman,1
359,4/21/2022 20:00:35,10-15 years,Pro,2-5 years,24.84,"$51,677","$2,000",31-40,NY,White,Man,1
188,4/19/2022 15:05:31,10-15 years,Operations Specialist,6-8 years,25.96,"$26,992.00","$3,600.00",31-40,NY,Hispanic or Latino or Spanish Origin of any race,Man,1
189,4/19/2022 15:08:07,2-5 years,Operations Specialist,2-5 years,24.16,"$50,251.00","$1,500.00",21-30,NY,Hispanic or Latino or Spanish Origin of any race,Man,1
46,4/18/2022 16:49:11,2-5 years,Genius,0-1 years,30.67,"$61,000.00","$2,000",21-30,NY,Hispanic or Latino or Spanish Origin of any race,Man,1
622,5/5/2022 20:13:39,2-5 years,Lead,2-5 years,37.47,72156.88,6397.38,31-40,NY,Hispanic or Latino or Spanish Origin of any race,Woman,1
3,4/18/2022 14:17:33,6-10 years,Lead Genius,2-5 years,37.0,"$78,000.00"," $ 3,000.00 ",21-30,NY,White,Man,1
190,4/19/2022 15:20:50,2-5 years,Genius Admin,0-1 years,26.52,"$55,143.00","$1,500.00",21-30,NY,Hispanic or Latino or Spanish Origin of any race,Woman,1
197,4/19/2022 18:34:11,0-1 years,Operations Specialist,0-1 years,23.0,"$23,920",0,21-30,NY,Hispanic or Latino or Spanish Origin of any race,Woman,1
630,5/9/2022 12:16:28,2-5 years,Specialist,2-5 years,23.6,"$51,000","$1,500",41-50,NY,Black or African American,Man,1
54,4/18/2022 17:29:08,6-10 years,Specialist,2-5 years,24.0,"$49,919.00",-,21-30,NY,Hispanic or Latino or Spanish Origin of any race,Woman,1
259,4/20/2022 17:12:59,2-5 years,Specialist,2-5 years,24.14,"50,205",0,31-40,NY,Black or African American,Woman,1
61,4/18/2022 18:08:18,6-10 years,Genius Admin,2-5 years,28.27,"$59,000.00","$2,000",31-40,NY,Black or African American,Man,1
71,4/18/2022 19:32:18,10-15 years,Genius Admin,6-8 years,60.1,"$55,500.00",1000,31-40,NY,I choose not to disclose,I choose not to disclose,1
68,4/18/2022 19:25:46,2-5 years,Technical Expert,2-5 years,25.06,"$52,100.00",N/a,21-30,NY,Black or African American,Woman,1
389,4/22/2022 7:05:30,6-10 years,Technical Specialist,6-8 years,23.0,"$24,440",$0,21-30,NY,Asian,Man,1
149,4/19/2022 8:55:36,10-15 years,Operations Lead,0-1 years,33.65,"$70,000.00","$3,000.00",31-40,NY,White,Man,1
153,4/19/2022 9:43:12,2-5 years,Specialist,2-5 years,24.0,"$26,000.00",$500.00,21-30,NY,White,Woman,1
241,4/20/2022 13:05:11,2-5 years,Operations Expert,0-1 years,27.8,"$56,790.00","$2,400.00",21-30,NY,Black or African American,Woman,1
65,4/18/2022 18:51:43,6-10 years,Genius,2-5 years,31.53,"$63,000.00","8,000",21-30,NY,Black or African American,Woman,1
160,4/19/2022 11:04:45,6-10 years,Genius,0-1 years,30.38,"$63,211.00","$3,000.00",21-30,NY,Hispanic or Latino or Spanish Origin of any race,Man,1
242,4/20/2022 13:19:42,2-5 years,Operations Specialist,0-1 years,23.8,"$29,000.00","$1,500.00",21-30,NY,Hispanic or Latino or Spanish Origin of any race,Man,1
170,4/19/2022 12:06:21,0-1 years,Operations Specialist,0-1 years,23.0,"$23,920.00",?,31-40,NY,White,Man,1
611,5/2/2022 13:43:05,2-5 years,Genius Admin,0-1 years,26.32,"$54,740",N.a,21-30,NY,White,Woman,1
198,4/19/2022 18:53:09,6-10 years,Lead Genius,2-5 years,38.5,"75,000",2509,31-40,NY,Hispanic or Latino or Spanish Origin of any race,Transgender,1
73,4/18/2022 19:40:39,2-5 years,Operations Specialist,2-5 years,24.18,"$20,000.00","$1,500",21-30,NY,Hispanic or Latino or Spanish Origin of any race,Woman,1
33,4/18/2022 15:59:50,6-10 years,Genius,6-8 years,32.5,"$65,000.00","$2,300.00",31-40,NY,White,Man,1
121,4/18/2022 23:48:17,6-10 years,Technical Expert,2-5 years,26.29,"$58,148.00","$2,000.00",21-30,NY,White,Man,1
460,4/22/2022 22:56:29,2-5 years,Genius,0-1 years,27.9,"$58,032","$2,500",21-30,NY,I choose not to disclose,Man,1
543,4/26/2022 16:25:13,2-5 years,Technical Specialist,2-5 years,24.5,"41,000",Idk,21-30,NY,Black or African American,Woman,1
119,4/18/2022 23:42:20,2-5 years,Genius,2-5 years,30.9,"$70,000.00","$2,000.00",21-30,NY,White,Woman,1
487,4/23/2022 22:18:04,6-10 years,Specialist,6-8 years,24.71,"$25,694","$1,500",41-50,NY,White,Woman,1
495,4/24/2022 13:30:22,2-5 years,Genius,0-1 years,29.01,52000,"1,500",21-30,NY,Black or African American,Woman,1
108,4/18/2022 22:37:21,6-10 years,software qa engineer ,0-1 years,60.1,"$125,000.00","$80,000.00",21-30,NY,Hispanic or Latino or Spanish Origin of any race,Woman,1
110,4/18/2022 22:26:08,2-5 years,Specialist,2-5 years,24.01,36k,N/a,31-40,NY,Black or African American,Man,1
106,4/18/2022 22:15:04,10-15 years,Creative Pro,2-5 years,34.01,"$70,000.00","$2,000.00",31-40,NY,Asian,Man,1
479,4/23/2022 18:07:46,2-5 years,Specialist,2-5 years,23.5,"$49,000","15,000",21-30,NY,Black or African American,Woman,1
104,4/18/2022 22:06:27,10-15 years,Pro,2-5 years,33.85,"$70,396.00","$5,000.00",31-40,NY,Asian,Woman,1
475,4/23/2022 14:41:38,2-5 years,Specialist,2-5 years,23.2,"$25,000","$1,500",21-30,NY,White,Man,1
112,4/18/2022 22:40:05,10-15 years,Creative Pro,0-1 years,32.16,"$67,000.00","$2,000.00",31-40,NY,White,Woman,1
89,4/18/2022 21:11:03,2-5 years,Creative Pro,2-5 years,31.59,"$37,000","$2,000",21-30,NY,Asian,Woman,1
237,4/20/2022 11:42:02,10-15 years,Manager,2-5 years,44.24,"$91,999.00","$20,000.00",31-40,NY,Hispanic or Latino or Spanish Origin of any race,Woman,1
115,4/18/2022 23:11:30,2-5 years,Genius Admin,2-5 years,27.1,"$28,184.00",$0.00,31-40,NY,White,Woman,1
510,4/25/2022 8:47:29,2-5 years,Operations Specialist,2-5 years,24.15,"$34,000","$1,000",31-40,NY,White,Man,1
512,4/25/2022 10:54:59,2-5 years,Pro,2-5 years,28.0,"$58,239",1500,21-30,NY,Hispanic or Latino or Spanish Origin of any race,Man,1
102,4/18/2022 22:03:49,6-10 years,Expert,6-8 years,29.26,"$61,000.00","$2,000.00",41-50,NY,I choose not to disclose,I choose not to disclose,1
542,4/26/2022 16:31:43,6-10 years,Genius,2-5 years,33.0,"$68,640","$3,000",31-40,NY,Hispanic or Latino or Spanish Origin of any race,Man,1
0,4/18/2022 0:28:54,10-15,Manager,6-7,48.7,"$101,000.00"," $ 24,000.00 ",31-40,NY,Asian,Man,1
140,4/19/2022 6:47:41,6-10 years,Genius Admin,0-1 years,27.17,-,"$2,500.00",21-30,NY,Hispanic or Latino or Spanish Origin of any race,Man,1
545,4/26/2022 16:56:26,6-10 years,Genius,0-1 years,31.34,"$53,000",RSU $2200 / merit $2,21-30,NY,White,Man,1
559,4/27/2022 17:43:08,2-5 years,Specialist,2-5 years,23.93,"$45,945",1700,31-40,NY,Asian,Man,1
144,4/19/2022 7:36:54,6-10 years,Manager,0-1 years,40.8,"$85,000.00","$3,500.00",21-30,NY,Asian,Woman,1
563,4/28/2022 1:48:56,6-10 years,Genius,6-8 years,34.25,"$65,000","$4,000",31-40,NY,White,Man,1
560,4/27/2022 18:34:18,2-5 years,Business Expert,2-5 years,25.88,"53,813","3,000",21-30,NY,Asian,Woman,1
87,4/18/2022 21:05:54,10-15 years,Tech and Merchandising Pro,2-5 years,31.9,"68,445","$2,500",31-40,NY,Black or African American,Man,1
468,4/23/2022 5:15:24,2-5 years,Operations Specialist,2-5 years,24.74,"US$51,465",I do not know. ,31-40,NY,White,Man,1
352,4/21/2022 18:04:59,10-15 years,Manager,2-5 years,48.35,"$96,700","$20,000",31-40,NY,Black or African American,Man,1
538,4/26/2022 14:43:47,2-5 years,Pro,0-1 years,29.97,"$62,272","$2,500",21-30,NY,Hispanic or Latino or Spanish Origin of any race,Man,1
428,4/22/2022 14:07:50,10-15 years,Genius,2-5 years,31.76,"$66,051.00","$2,000",31-40,NY,White,Man,1
200,4/19/2022 19:50:27,2-5 years,Technical Specialist,2-5 years,23.0,"$23,000.00","$2,500.00",21-30,NY,Black or African American,Woman,1
201,4/19/2022 20:32:12,16-20 years,People Operations Planner,12+ years,33.81,"$70, 323","$2,000.00",41-50,NY,Black or African American,Woman,1
202,4/19/2022 20:42:51,2-5 years,Operations Specialist,2-5 years,23.89,"$24,841.00","$1,500.00",21-30,NY,I choose not to disclose,Woman,1
205,4/19/2022 21:42:43,6-10 years,Genius,2-5 years,30.57,"$62,500.00","$4,000.00",21-30,NY,White,Man,1
306,4/21/2022 9:17:31,6-10 years,Genius Admin,2-5 years,25.5,"$51,000","2,000",21-30,NY,White,Woman,1
206,4/19/2022 22:10:19,6-10 years,Specialist,6-8 years,24.59,"$25,000.00",N/a,31-40,NY,Black or African American,Man,1
648,5/17/2022 13:49:02,2-5 years,Tech and Merchandising Pro,2-5 years,30.0,"$62,736",1500,31-40,NY,Hispanic or Latino or Spanish Origin of any race,Man,1
30,4/18/2022 15:54:46,2-5 years,Business Pro,0-1 years,31.7,"$68,000.00","$3,000.00",31-40,NY,Hispanic or Latino or Spanish Origin of any race,Man,1
299,4/21/2022 7:33:42,6-10 years,Tech and Merchandising Pro,2-5 years,31.0,-,-,31-40,NY,I choose not to disclose,I choose not to disclose,1
651,5/19/2022 17:59:33,6-10 years,Creative Pro,0-1 years,28.59,"57,000","2,000",31-40,NY,Hispanic or Latino or Spanish Origin of any race,Woman,1
27,4/18/2022 15:47:25,10-15 years,Genius,9-11 years,31.25,"$60,000.00","$2,000.00",21-30,NY,White,Man,1
207,4/19/2022 22:30:48,6-10 years,Operations Specialist,2-5 years,23.0,"$44,160.00","$3,000.00",41-50,NY,Black or African American,Man,1
26,4/18/2022 15:47:11,2-5 years,Technical Specialist,0-1 years,23.55,"$50,000.00","$3,992.00",21-30,NY,Black or African American,Woman,1
90,4/18/2022 21:16:41,2-5 years,Specialist,2-5 years,23.15,"$24,000","$2,000",31-40,NY,Asian,Man,1
34,4/18/2022 16:02:17,10-15 years,Operations Specialist,6-8 years,24.04,"$50,000.00",$500.00,41-50,NY,Hispanic or Latino or Spanish Origin of any race,Woman,1
570,4/28/2022 14:29:59,2-5 years,Operations Lead,0-1 years,35.51,"73,839",2000,21-30,NY,Hispanic or Latino or Spanish Origin of any race,Woman,1
97,4/18/2022 21:43:05,6-10 years,Expert,0-1 years,27.86,"$55,000.00","$1,500.00",21-30,NY,Asian,Man,1
455,4/22/2022 22:20:26,2-5 years,Expert,0-1 years,22.93,22.91,"47,648",21-30,NY,Black or African American,Woman,1
122,4/18/2022 23:52:11,6-10 years,Expert,2-5 years,28.0,"$58,000.00","$2,000.00",21-30,NY,Hispanic or Latino or Spanish Origin of any race,Woman,1
123,4/19/2022 0:20:19,10-15 years,Genius,2-5 years,30.37,"$63,000.00","$2,000.00",31-40,NY,Hispanic or Latino or Spanish Origin of any race,Woman,1
449,4/22/2022 19:45:00,2-5 years,Technical Specialist,0-1 years,23.9,"$36,000","$1,500",21-30,NY,Hispanic or Latino or Spanish Origin of any race,Man,1
522,4/25/2022 20:00:33,6-10 years,Genius,2-5 years,31.58,$66.00,$2.00,41-50,NY,Hispanic or Latino or Spanish Origin of any race,Man,1
439,4/22/2022 17:30:04,10-15 years,Technical Expert,2-5 years,29.58,"$61,500","$2,400",31-40,NY,Black or African American,Woman,1
438,4/22/2022 17:23:58,6-10 years,Genius,2-5 years,30.24,"$63,000","$1,768",21-30,NY,Hispanic or Latino or Spanish Origin of any race,Woman,1
93,4/18/2022 21:23:04,6-10 years,Creative,6-8 years,28.45,"$59,154","$2,000",31-40,NY,Asian,Man,1
92,4/18/2022 21:22:08,6-10 years,Genius,6-8 years,32.5,"$66,000","$2,000",21-30,NY,Hispanic or Latino or Spanish Origin of any race,Man,1
91,4/18/2022 21:21:06,10-15 years,Creative Pro,2-5 years,32.57,"$62,534.40","$2,317.14",51-60,NY,White,Woman,1
430,4/22/2022 14:27:15,2-5 years,Lead,0-1 years,37.0,$78,"$3,000",21-30,NY,White,Woman,1
169,4/19/2022 11:58:55,2-5 years,Operations Specialist,2-5 years,24.38,"$50,707.00","$1,500.00",21-30,NY,Hispanic or Latino or Spanish Origin of any race,Woman,1
385,4/22/2022 3:42:10,6-10 years,Technical Expert,2-5 years,26.0,"$30,000","$2,200",31-40,NV,Hispanic or Latino or Spanish Origin of any race,Man,1
179,4/19/2022 12:53:23,2-5 years,Tech and Merchandising Pro,0-1 years,29.88,"$62,131.00",$1500 USD,21-30,NY,Black or African American,Woman,1
184,4/19/2022 14:35:59,10-15 years,Operations Lead,0-1 years,35.0,"$72,000.00","$2,000.00",31-40,NY,Black or African American,Woman,1
441,4/22/2022 18:04:06,2-5 years,Genius,0-1 years,27.5,"$57,000~","$2,000",21-30,WA,White,Woman,1
136,4/19/2022 2:21:41,10-15 years,Senior Manager,0-1 years,52.09,"$108,347 + $75,000 in OT","$40,000.00",-,WA,I choose not to disclose,I choose not to disclose,1
442,4/22/2022 18:38:34,2-5 years,Genius,2-5 years,27.71,"57,700",?,31-40,WA,White,Man,1
111,4/18/2022 22:31:32,2-5 years,Technical Expert,0-1 years,23.3,"$21,000.00",Not sure ,21-30,WA,Asian,Woman,1
627,5/8/2022 18:16:34,0-1 years,Technical Specialist,0-1 years,21.0,"43,000",0,31-40,WA,Black or African American,Woman,1
11,4/18/2022 14:45:59,6-10 years,Expert,2-5 years,26.2,"$54,000.00"," $ 2,000.00 ",21-30,WA,Hispanic or Latino or Spanish Origin of any race,Woman,1
676,6/2/2022 19:15:15,6-10 years,tier 2 ios/mac technical support,6-8 years,24.5,52000,2000,31-40,WA,I choose not to disclose,Man,1
12,4/18/2022 14:47:19,6-10 years,Expert,0-1 years,28.84,"$60,000.00"," $ 2,000.00 ",21-30,WA,Hispanic or Latino or Spanish Origin of any race,Woman,1
412,4/22/2022 11:52:28,2-5 years,Genius Admin,0-1 years,25.38,"$52,788","$1,817.64",21-30,VA,Black or African American,Woman,1
403,4/22/2022 10:54:24,0-1 years,People Operations Planner,0-1 years,25.5,"$53,049",N/a,21-30,VA,Hispanic or Latino or Spanish Origin of any race,Woman,1
79,4/18/2022 20:07:38,2-5 years,Technical Expert,0-1 years,24.85,"$51,700.00",1500,21-30,VA,White,Woman,1
435,4/22/2022 16:13:06,2-5 years,Technical Expert,0-1 years,24.53,"$47,100","$1,500",21-30,VA,Black or African American,Man,1
434,4/22/2022 16:07:16,10-15 years,Genius,6-8 years,29.52,"$61,401","$2,000",31-40,VA,White,Man,1
100,4/18/2022 21:48:02,2-5 years,Technical Expert,2-5 years,24.03,"$24,987.00","$2,000.00",21-30,VA,White,Man,1
421,4/22/2022 12:26:30,2-5 years,Genius,2-5 years,29.0,59110,Don’t know ,31-40,VA,Black or African American,Man,1
156,4/19/2022 10:32:12,2-5 years,Genius Admin,2-5 years,25.0,"$26,709.00",$3500 USD,21-30,VA,White,Transgender,1
406,4/22/2022 11:07:30,10-15 years,Genius,6-8 years,29.34,"61,020 USD","2,000 USD",31-40,VA,Black or African American,Man,1
363,4/21/2022 20:36:49,2-5 years,Operations Specialist,0-1 years,21.25,"$44,200","$1,500",21-30,VA,White,Woman,1
416,4/22/2022 12:07:13,2-5 years,Technical Expert,0-1 years,25.13,"52,000",2000,21-30,VA,Black or African American,Man,1
414,4/22/2022 11:56:19,10-15 years,Genius Admin,6-8 years,26.37,"$54,850","$2,300",31-40,VA,Black or African American,Man,1
154,4/19/2022 9:57:27,2-5 years,Technical Specialist,2-5 years,23.53,"$46,000.00","$2,000.00",31-40,VA,Asian,Man,1
415,4/22/2022 12:04:43,6-10 years,Specialist,6-8 years,22.0,Not sure ,1500,31-40,VA,Black or African American,Woman,1
236,4/20/2022 11:31:58,2-5 years,Technical Expert,2-5 years,22.0,"$46,128.00","$2,000.00",21-30,VA,Black or African American,Non-binary / non-conforming,1
277,4/20/2022 21:18:47,6-10 years,Genius Admin,0-1 years,22.48,"$46,763",na,31-40,VA,White,Man,1
203,4/19/2022 20:56:20,6-10 years,Lead Genius,2-5 years,33.16,"$69,011.00","$3,500.00",31-40,VA,White,Woman,1
493,4/24/2022 12:02:23,0-1 years,Specialist,0-1 years,21.0,N/a,N-a,21-30,VA,Asian,Man,1
366,4/21/2022 21:04:59,2-5 years,Pro,0-1 years,24.62,"52,364",1500,21-30,UT,Hispanic or Latino or Spanish Origin of any race,Woman,1
134,4/19/2022 1:55:16,2-5 years,Genius,0-1 years,28.08,-,-,21-30,WA,Hispanic or Latino or Spanish Origin of any race,Man,1
133,4/19/2022 1:50:20,2-5 years,Genius,2-5 years,28.0,"$57,000.00","$2,500.00",21-30,WA,White,Man,1
1,4/18/2022 14:04:02,2-5 years,Genius,0-1 years,26.31,"$55,000.00"," $ 2,500.00 ",21-30,WA,Black or African American,Man,1
132,4/19/2022 1:45:46,6-10 years,Genius,0-1 years,26.61,"$55,339.00","$2,500.00",21-30,WA,White,Man,1
128,4/19/2022 1:07:27,6-10 years,Genius,2-5 years,26.99,"$58,240.00","$5,000.00",21-30,WI,Hispanic or Latino or Spanish Origin of any race,Transgender,1
480,4/23/2022 18:16:56,10-15 years,Technical Expert,2-5 years,27.0,"$56,000","$2,000",31-40,WI,White,Man,1
530,4/25/2022 22:45:20,2-5 years,Specialist,2-5 years,20.0,"$21,500","$1,647",21-30,WI,White,Woman,1
528,4/25/2022 22:04:20,2-5 years,Expert,2-5 years,23.09,48000,2000,31-40,WI,White,Man,1
413,4/22/2022 11:55:35,6-10 years,Technical Specialist,2-5 years,24.0,49976,3500,31-40,WI,I choose not to disclose,I choose not to disclose,1
576,4/28/2022 20:05:18,2-5 years,Specialist,2-5 years,21.75,"$18,270",Forgot,21-30,WA,Hispanic or Latino or Spanish Origin of any race,Man,1
109,4/18/2022 22:24:16,2-5 years,Genius Admin,2-5 years,26.05,"$54,000.00","$1,500.00",21-30,WA,White,Man,1
74,4/18/2022 19:45:43,2-5 years,People Operations Planner,2-5 years,25.73,"$48,000.00","2,000",21-30,WA,Hispanic or Latino or Spanish Origin of any race,Woman,1
16,4/18/2022 15:02:07,6-10 years,Expert,2-5 years,27.69,"$57,000.00","$3,000.00",21-30,WA,White,Woman,1
579,4/28/2022 23:41:16,2-5 years,Genius,0-1 years,26.23,"$54,550","$1,500",21-30,WA,I choose not to disclose,Non-binary / non-conforming,1
394,4/22/2022 9:05:29,2-5 years,Pro,0-1 years,29.17,"60,675","$1,500",41-50,WA,White,Woman,1
101,4/18/2022 21:48:13,6-10 years,Genius,2-5 years,27.63,"$57,500.00","$2,000.00",21-30,WA,White,Man,1
212,4/19/2022 23:09:33,6-10 years,support 3 commitment team,2-5 years,27.67,"$57,536.00","$2,000.00",31-40,WA,White,Man,1
364,4/21/2022 21:02:57,6-10 years,Genius,0-1 years,25.5,"$53,000","$3,000",21-30,UT,White,Man,1
613,5/2/2022 23:28:56,2-5 years,Operations Specialist,0-1 years,21.49,"$21,500 US","$3,500",21-30,WA,Hispanic or Latino or Spanish Origin of any race,Woman,1
463,4/23/2022 0:26:03,2-5 years,Technical Expert,2-5 years,23.73,23.73,"30,000",21-30,WA,Hispanic or Latino or Spanish Origin of any race,Woman,1
29,4/18/2022 15:54:07,6-10 years,Manager,2-5 years,43.45,"$90,000.00","$11,000.00",21-30,WA,White,Woman,1
476,4/23/2022 15:39:45,2-5 years,Technical Expert,2-5 years,25.74,"48,000",3000,21-30,WA,White,Man,1
116,4/18/2022 23:11:42,6-10 years,Operations Specialist,2-5 years,20.0,-,-,21-30,WA,I choose not to disclose,I choose not to disclose,1
466,4/23/2022 2:58:08,2-5 years,Expert,0-1 years,24.22,"$50,373","$1,500",21-30,WA,Asian,Man,1
175,4/19/2022 12:37:42,6-10 years,Genius,2-5 years,28.8,"$58,000.00","$2,500.00",31-40,WA,I choose not to disclose,I choose not to disclose,1
350,4/21/2022 17:58:47,0-1 years,Technical Specialist,0-1 years,21.0,"$21,840",$0,21-30,WA,White,Man,1
47,4/18/2022 16:53:36,2-5 years,Genius,2-5 years,25.5,"$56,000.00",Unknown,21-30,WA,White,Man,1
624,5/6/2022 2:12:17,10-15 years,soc software engineer ,0-1 years,60.0,125000,"$54,000",31-40,WA,White,Man,1
117,4/18/2022 23:25:46,6-10 years,Genius,2-5 years,27.37,"$56,910.00","$2,000.00",21-30,WA,Hispanic or Latino or Spanish Origin of any race,Man,1
80,4/18/2022 20:22:03,2-5 years,Specialist,2-5 years,22.5,"$30,000",$500,21-30,WA,White,Man,1
13,4/18/2022 14:51:27,6-10 years,Lead Genius,2-5 years,35.0,"$72,800.00","$3,000.00",31-40,WA,Hispanic or Latino or Spanish Origin of any race,Man,1
557,4/27/2022 6:16:52,6-10 years,Expert,2-5 years,25.32,"$51,000","$2,000",21-30,WA,White,Man,1
209,4/19/2022 22:44:34,6-10 years,Expert,2-5 years,23.57,"$48,500.00","$2,000.00",21-30,WA,White,Man,1
484,4/23/2022 19:53:58,10-15 years,business & education senior advisor,2-5 years,28.64,"$59,562","$2,000",41-50,TX,White,Man,1
546,4/26/2022 17:40:46,2-5 years,Operations Specialist,0-1 years,23.0,"$48,000","$3,000",21-30,TX,White,Woman,1
486,4/23/2022 21:35:32,6-10 years,service 3,0-1 years,26.0,"54,000","2,000",21-30,TX,White,Woman,1
148,4/19/2022 8:48:09,2-5 years,Operations Expert,0-1 years,24.5,"$50, 960","$2,000.00",31-40,TN,Black or African American,Man,1
533,4/26/2022 0:40:06,0-1 years,Technical Specialist,0-1 years,20.0,"$22,400",0,21-30,TN,I choose not to disclose,Man,1
248,4/20/2022 14:33:51,2-5 years,Genius Admin,2-5 years,23.0,48568,1500,21-30,TN,White,Man,1
268,4/20/2022 19:15:03,2-5 years,t2 ios advisor,2-5 years,23.96,"$49,836","$2,400",51-60,SC,Black or African American,Woman,1
298,4/21/2022 7:11:15,10-15 years,Specialist,6-8 years,21.15,"~44,000",1500,31-40,RI,White,Man,1
425,4/22/2022 13:28:07,2-5 years,Operations Specialist,2-5 years,21.03,"$21,871","$1,000",21-30,PA,White,Woman,1
485,4/23/2022 20:05:56,2-5 years,Genius,2-5 years,26.12,"$54,314",6523,21-30,PA,White,Man,1
675,6/2/2022 12:18:21,2-5 years,Specialist,2-5 years,21.0,"$45,000 USD","$1,500",21-30,PA,Black or African American,Woman,1
314,4/21/2022 9:50:41,6-10 years,Specialist,9-11 years,22.92,"47,470",1500,51-60,PA,White,Woman,1
396,4/22/2022 9:43:26,2-5 years,Genius Admin,0-1 years,23.8,"38,000",1500,21-30,PA,Hispanic or Latino or Spanish Origin of any race,Non-binary / non-conforming,1
478,4/23/2022 17:09:07,6-10 years,Manager,6-8 years,45.19,94000,"17,000",31-40,PA,White,Man,1
660,5/25/2022 22:40:20,2-5 years,ict-5,2-5 years,108.0,"$216,000",None,61+,OR,White,Man,1
633,5/9/2022 21:24:10,10-15 years,Genius,2-5 years,28.85,"$60,00",0,31-40,OR,Hispanic or Latino or Spanish Origin of any race,Man,1
218,4/20/2022 0:06:40,2-5 years,Operations Specialist,2-5 years,21.42,"$44,500.00","$1,500.00",21-30,TN,White,Man,1
375,4/21/2022 23:22:36,6-10 years,senior specialist ,2-5 years,27.0,"$58,000","$2,000",31-40,OR,I choose not to disclose,Woman,1
382,4/22/2022 1:33:04,2-5 years,Technical Specialist,2-5 years,21.49,"$22,400","$1,500",21-30,OR,White,Man,1
66,4/18/2022 18:53:59,6-10 years,Genius,2-5 years,28.1,"$58,000.00","$2,000",21-30,OR,White,Woman,1
173,4/19/2022 12:25:43,2-5 years,Technical Expert,0-1 years,22.8,"$25,000.00","$1,200.00",21-30,OK,Hispanic or Latino or Spanish Origin of any race,Woman,1
470,4/23/2022 9:25:05,0-1 years,Technical Specialist,0-1 years,20.0,"$41,599",Did not receive. ,21-30,OK,White,Man,1
569,4/28/2022 14:15:30,2-5 years,Creative Pro,2-5 years,26.17,"$54,443","$2,000",21-30,OK,White,Man,1
562,4/28/2022 1:13:44,2-5 years,Specialist,2-5 years,21.5,"$42,000","$1,500",21-30,OK,White,Man,1
379,4/21/2022 23:48:28,6-10 years,Pro,2-5 years,25.0,52000,"$2,000",21-30,OH,White,Man,1
424,4/22/2022 13:03:05,2-5 years,Lead Genius,2-5 years,33.4,69470,3000,21-30,OH,White,Man,1
623,5/5/2022 22:36:42,10-15 years,Genius,9-11 years,28.15,"US$58,544","US$2,000",31-40,OH,White,Woman,1
527,4/25/2022 22:04:03,10-15 years,Creative Pro,2-5 years,29.98,"$62,000","$2,000",31-40,OH,White,Woman,1
635,5/10/2022 15:10:22,6-10 years,Specialist,6-8 years,22.25,"23,100","1,500",31-40,OH,White,Man,1
491,4/24/2022 2:40:53,6-10 years,Genius,0-1 years,25.63,"$53,000","$2,500",21-30,OH,White,Man,1
228,4/20/2022 6:00:21,6-10 years,Genius Admin,6-8 years,28.91,"$60,111.00","$4,000.00",31-40,NY,Black or African American,Man,1
395,4/22/2022 9:16:39,2-5 years,Technical Specialist,0-1 years,26.5,"$55,120","$1,500",31-40,OR,White,Man,1
612,5/2/2022 22:06:35,2-5 years,Genius,0-1 years,28.01,"$53,000","$1,500",21-30,NY,Hispanic or Latino or Spanish Origin of any race,Woman,1
694,6/21/2022 20:40:39,2-5 years,Business Expert,0-1 years,23.03,"$48,505",3000 or so can’t remember ,21-30,TN,I choose not to disclose,I choose not to disclose,1
267,4/20/2022 18:57:18,6-10 years,Genius,2-5 years,25.6,55,53.774,31-40,TN,White,Woman,1
448,4/22/2022 19:40:14,2-5 years,Genius Admin,0-1 years,23.05,"$48,000","$1,200",21-30,TX,White,Man,1
548,4/26/2022 19:48:38,6-10 years,senior customer service,2-5 years,24.67,"$51,309","$2,000",41-50,TX,White,Woman,1
180,4/19/2022 13:06:20,6-10 years,Expert,2-5 years,24.9,"$51,928.00","$2,000.00",21-30,TX,Hispanic or Latino or Spanish Origin of any race,Man,1
10,4/18/2022 14:42:51,6-10 years,Lead,0-1 years,36.8,"$77,000.00"," $ 2,000.00 ",21-30,TX,Black or African American,Man,1
178,4/19/2022 12:42:16,2-5 years,Expert,2-5 years,26.04,"$50,000.00","$2,500.00",21-30,TX,White,Woman,1
43,4/18/2022 16:29:43,10-15 years,Specialist,12+ years,23.11,$49.00,1800,31-40,TX,White,Man,1
250,4/20/2022 15:12:20,2-5 years,sales operations ,2-5 years,25.59,55517,1500,21-30,TX,White,Man,1
426,4/22/2022 13:35:40,6-10 years,business support,2-5 years,24.0,50000,2000,31-40,TX,I choose not to disclose,Woman,1
632,5/9/2022 19:06:55,2-5 years,Genius Admin,2-5 years,23.0,"$45,000","$2,000",21-30,TX,White,Non-binary / non-conforming,1
637,5/11/2022 20:14:37,2-5 years,Operations Specialist,0-1 years,21.16,"$44,000","$1,500",21-30,TX,Hispanic or Latino or Spanish Origin of any race,Woman,1
696,7/1/2022 14:25:18,10-15 years,sps senior advisor ,2-5 years,23.71,"49,000","2,000",31-40,TX,Hispanic or Latino or Spanish Origin of any race,Woman,1
235,4/20/2022 10:53:17,2-5 years,Expert,0-1 years,23.38,"$36,472.00","$3,500.00",21-30,TX,Hispanic or Latino or Spanish Origin of any race,Man,1
326,4/21/2022 12:29:36,6-10 years,support experience leader,2-5 years,39.0,82,10000,31-40,TX,Hispanic or Latino or Spanish Origin of any race,Man,1
261,4/20/2022 17:28:19,6-10 years,Technical Expert,2-5 years,28.0,58240,"$1,500",41-50,TN,White,Man,1
145,4/19/2022 8:18:29,6-10 years,Pro,2-5 years,28.76,"$59,873.00","$2,500.00",31-40,TX,White,Man,1
273,4/20/2022 20:54:15,6-10 years,Lead Genius,0-1 years,36.0,"74,880","3,000",31-40,TX,White,Man,1
658,5/25/2022 1:51:06,2-5 years,Technical Expert,2-5 years,25.05,50003,"$2,000",21-30,TX,Black or African American,Man,1
393,4/22/2022 8:41:24,10-15 years,process analyst,0-1 years,60.1,"$89,000","$3,000",31-40,TX,White,Man,1
301,4/21/2022 8:40:23,2-5 years,applecare senior advisor ,0-1 years,24.0,"50,365.00","3,500",21-30,TX,Black or African American,Woman,1
661,5/26/2022 8:49:39,6-10 years,Genius,2-5 years,26.35,"$55,000","$2,000",31-40,TX,Asian,Man,1
214,4/19/2022 23:24:41,2-5 years,senior customer service,2-5 years,21.5,"$48,656.00","$2,300.00",31-40,TX,White,Man,1
56,4/18/2022 17:35:49,2-5 years,Specialist,2-5 years,20.55,"$43,000.00","$3,000",21-30,TX,Hispanic or Latino or Spanish Origin of any race,Man,1
278,4/20/2022 21:41:29,2-5 years,Specialist,2-5 years,23.78,"49,900","$2,000",21-30,TX,Black or African American,Man,1
118,4/18/2022 23:30:03,10-15 years,Creative Pro,2-5 years,28.01,"$58,600.00","$2,000.00",31-40,TX,White,Woman,1
575,4/28/2022 18:04:38,2-5 years,Technical Expert,0-1 years,23.73,49990,2000,21-30,TX,Black or African American,Man,1
459,4/22/2022 22:53:14,2-5 years,Expert,2-5 years,21.65,"$45,000","$2,000",21-30,TX,Hispanic or Latino or Spanish Origin of any race,Woman,1
57,4/18/2022 17:47:25,10-15 years,Genius,9-11 years,31.0,"$63,000.00","$2,000",31-40,TX,Hispanic or Latino or Spanish Origin of any race,Man,1
571,4/28/2022 15:53:10,10-15 years,Genius Admin,0-1 years,26.66,"$55,449","$2,000",31-40,TX,White,Man,1
72,4/18/2022 19:39:41,10-15 years,Operations Expert,2-5 years,25.32,"$53,000.00","$2,000",31-40,TX,White,Man,1
531,4/25/2022 23:23:45,6-10 years,Technical Expert,2-5 years,26.9,"$54,011","$2,000",21-30,NV,Hispanic or Latino or Spanish Origin of any race,Man,1
220,4/20/2022 0:39:40,6-10 years,Manager,2-5 years,35.58,"$74,000.00","$16,000.00",41-50,NV,Black or African American,Woman,1
697,7/4/2022 16:50:45,0-1 years,Technical Specialist,0-1 years,21.0,"24,000",n,18-20,NV,I choose not to disclose,I choose not to disclose,1
419,4/22/2022 12:17:28,2-5 years,Specialist,2-5 years,22.0,39000,"$2,000",21-30,DC,Black or African American,Man,1
287,4/21/2022 0:43:15,6-10 years,Genius,2-5 years,27.0,"$56,000","$1,000",31-40,CT,Hispanic or Latino or Spanish Origin of any race,Man,1
70,4/18/2022 19:29:08,2-5 years,Pro,0-1 years,26.94,"$56,000.00",2000,31-40,CT,Hispanic or Latino or Spanish Origin of any race,Man,1
340,4/21/2022 14:22:42,2-5 years,Tech and Merchandising Pro,0-1 years,25.0,"$55,000","$2,500",21-30,CO,White,Man,1
474,4/23/2022 14:05:36,2-5 years,Genius,2-5 years,28.4,"$59,000ish","$2,000",21-30,CO,White,Transgender,1
621,5/5/2022 18:15:20,6-10 years,tier 2 ios advisor,2-5 years,26.36,"$55,424.98","$2,000",31-40,CA,Black or African American,Woman,1
270,4/20/2022 20:03:36,10-15 years,Lead,0-1 years,34.0,"$70,700","$2,500",31-40,CA,White,Man,1
48,4/18/2022 16:59:54,2-5 years,security engineer,2-5 years,100.0,"$135,000.00","$180,000",31-40,CA,Asian,Man,1
52,4/18/2022 17:22:57,6-10 years,Lead,0-1 years,34.0,"$70,000.00","1,500",31-40,CA,Hispanic or Latino or Spanish Origin of any race,Man,1
263,4/20/2022 18:10:25,6-10 years,account manager,2-5 years,44.32,"$92,400","$2,000",21-30,CA,White,Man,1
288,4/21/2022 1:21:20,0-1 years,Specialist,0-1 years,21.0,"15,000",0.25,21-30,CA,Hispanic or Latino or Spanish Origin of any race,Woman,1
213,4/19/2022 23:17:44,2-5 years,Specialist,2-5 years,17.0,"$16,320.00",$0.00,21-30,CA,Hispanic or Latino or Spanish Origin of any race,Man,1
603,5/1/2022 13:27:36,2-5 years,Specialist,2-5 years,23.59,"26,000","1,500 USD",21-30,CA,I choose not to disclose,I choose not to disclose,1
59,4/18/2022 18:02:33,2-5 years,Specialist,2-5 years,23.75,"$38,000.00","1,500",31-40,CA,Hispanic or Latino or Spanish Origin of any race,I choose not to disclose,1
598,5/1/2022 7:25:01,0-1 years,Technical Specialist,0-1 years,23.5,45825,0,21-30,CA,Asian,Man,1
211,4/19/2022 23:02:38,10-15 years,Genius,9-11 years,31.25,"$65,000.00","$2,000.00",31-40,CA,White,Woman,1
384,4/22/2022 2:01:02,6-10 years,Tech and Merchandising Pro,2-5 years,29.15,"61,000","$3,500",31-40,CA,Hispanic or Latino or Spanish Origin of any race,Woman,1
225,4/20/2022 4:37:30,2-5 years,Specialist,2-5 years,23.0,"$49,000.00",Unsure,21-30,CA,Hispanic or Latino or Spanish Origin of any race,Man,1
659,5/25/2022 2:23:00,2-5 years,Genius Admin,0-1 years,25.22,"$52,000","$1,500",21-30,CA,Black or African American,Man,1
2,4/18/2022 14:13:18,2-5 years,Operations Specialist,2-5 years,23.5,"$50,000.00"," $ 1,500.00 ",21-30,CA,Hispanic or Latino or Spanish Origin of any race,Man,1
5,4/18/2022 14:22:21,10-15 years,account manager,2-5 years,44.55,"$92,680.00", $ -   ,31-40,CA,Asian,Woman,1
7,4/18/2022 14:26:43,0-1 years,Technical Specialist,0-1 years,19.6,"$28,000.00", $ -   ,21-30,CA,White,Woman,1
672,5/31/2022 17:25:29,0-1 years,Specialist,0-1 years,22.5,"$30,000",None,31-40,CA,White,Man,1
669,5/27/2022 18:12:02,2-5 years,Genius Admin,0-1 years,24.16,"$25,118",Unsure,21-30,CA,White,Man,1
667,5/26/2022 23:00:27,2-5 years,Technical Specialist,0-1 years,22.68,"~42,000",1500,21-30,CA,Hispanic or Latino or Spanish Origin of any race,Woman,1
666,5/26/2022 22:20:43,2-5 years,Creative,0-1 years,25.77,"$26,793",unsure,21-30,CA,Hispanic or Latino or Spanish Origin of any race,Woman,1
17,4/18/2022 15:05:05,10-15 years,Creative Pro,2-5 years,30.29,"$63,000.00","$2,500.00",31-40,CA,White,Man,1
38,4/18/2022 16:20:04,2-5 years,People Operations Planner,2-5 years,24.74,"$52,000.00","2,500",21-30,DC,Hispanic or Latino or Spanish Origin of any race,Woman,1
405,4/22/2022 11:02:52,10-15 years,Business Expert,2-5 years,27.0,"$56,160","$1,000",31-40,DC,Black or African American,Man,1
680,6/7/2022 22:43:43,0-1 years,Technical Specialist,0-1 years,21.0,"$23,000",0,21-30,DC,Hispanic or Latino or Spanish Origin of any race,Non-binary / non-conforming,1
77,4/18/2022 19:57:19,6-10 years,Genius,2-5 years,24.0,"$52,000.00","2,000",31-40,DE,White,Man,1
456,4/22/2022 22:43:15,6-10 years,Genius,6-8 years,27.0,"$58,000","$2,000",21-30,FL,Asian,Man,1
238,4/20/2022 12:03:59,2-5 years,Technical Specialist,2-5 years,20.56,"$42,744 USD",$500.00,31-40,FL,Hispanic or Latino or Spanish Origin of any race,Woman,1
327,4/21/2022 12:37:00,6-10 years,Expert,6-8 years,27.5,"$57,200","$3,000",41-50,FL,White,Man,1
373,4/21/2022 23:02:54,2-5 years,Genius,0-1 years,26.75,"$52,000","$2,000",21-30,FL,White,Woman,1
285,4/20/2022 23:49:18,10-15 years,Lead,2-5 years,33.7,"$70,102","$3,000",31-40,FL,White,Man,1
230,4/20/2022 9:01:23,6-10 years,Manager,9-11 years,45.73,"$95,110.00","$12,000.00",41-50,FL,Hispanic or Latino or Spanish Origin of any race,Woman,1
231,4/20/2022 9:15:35,6-10 years,Expert,6-8 years,26.12,"$54,321.00","$2,000.00",31-40,FL,Hispanic or Latino or Spanish Origin of any race,Man,1
347,4/21/2022 16:40:48,2-5 years,Pro,0-1 years,27.54,"$55,700","$2,500",21-30,FL,Hispanic or Latino or Spanish Origin of any race,Woman,1
182,4/19/2022 14:07:29,2-5 years,Pro,2-5 years,26.66,"$55,452.00","$3,500.00",31-40,FL,White,Woman,1
286,4/21/2022 0:23:29,6-10 years,Expert,0-1 years,24.5,"$59,000","$2,000",21-30,FL,Hispanic or Latino or Spanish Origin of any race,Man,1
215,4/19/2022 23:51:40,10-15 years,Business Expert,2-5 years,25.02,"$53,000.00","$1,500.00",31-40,FL,Hispanic or Latino or Spanish Origin of any race,Man,1
356,4/21/2022 19:18:39,2-5 years,Technical Expert,2-5 years,22.0,"$42,000 USD","$1,500 USD",21-30,FL,White,Woman,1
255,4/20/2022 16:28:14,6-10 years,Genius,0-1 years,28.95,60100,2500,21-30,FL,Hispanic or Latino or Spanish Origin of any race,Woman,1
665,5/26/2022 18:53:42,10-15 years,programming expert,0-1 years,28.95,"$60,000",2000,31-40,CA,Hispanic or Latino or Spanish Origin of any race,Man,1
185,4/19/2022 14:40:48,6-10 years,ft t2,2-5 years,24.0,"$49,762.00","$6,523.00",41-50,FL,White,Man,1
371,4/21/2022 22:24:13,2-5 years,Pro,0-1 years,27.25,"61,000",1500,21-30,FL,Hispanic or Latino or Spanish Origin of any race,Man,1
291,4/21/2022 2:18:33,2-5 years,Technical Expert,2-5 years,24.5,"51,500",1200 USD,31-40,FL,White,Man,1
324,4/21/2022 12:07:05,6-10 years,Technical Expert,2-5 years,24.69,"51,355.20",2000,21-30,FL,White,Man,1
204,4/19/2022 21:29:48,6-10 years,Business Expert,2-5 years,24.0,"$46,000.00","$2,200.00",31-40,FL,White,Man,1
342,4/21/2022 14:46:29,10-15 years,Genius,2-5 years,28.4,"$59,062","2,000",31-40,FL,White,Woman,1
332,4/21/2022 13:12:22,2-5 years,Expert,2-5 years,24.0,52,2200,21-30,FL,Black or African American,Man,1
161,4/19/2022 11:06:20,6-10 years,Technical Specialist,2-5 years,24.5,"$49,000.00","$1,500.00",21-30,FL,Hispanic or Latino or Spanish Origin of any race,Woman,1
191,4/19/2022 16:16:25,10-15 years,Genius,6-8 years,27.62,"$63,000.00","$2,000.00",41-50,FL,White,Man,1
157,4/19/2022 10:50:00,6-10 years,Operations Specialist,2-5 years,21.84,"$45,409.00","$1,500.00",21-30,FL,White,Man,1
243,4/20/2022 13:21:14,6-10 years,Technical Specialist,2-5 years,21.0,28k,"$2,000.00",31-40,FL,Hispanic or Latino or Spanish Origin of any race,Man,1
338,4/21/2022 14:10:22,6-10 years,online personal sessions,0-1 years,23.5,$48k,"$2,353.26",51-60,FL,I choose not to disclose,Man,1
584,4/29/2022 18:02:18,10-15 years,Lead,2-5 years,34.0,$70k,$3k,31-40,DE,I choose not to disclose,I choose not to disclose,1
565,4/28/2022 10:00:31,2-5 years,Technical Expert,0-1 years,23.75,"$27,360","$2,000",21-30,DE,White,Man,1
283,4/20/2022 23:15:14,10-15 years,Technical Specialist,9-11 years,22.63,"$47,062","$1,500",41-50,FL,White,Man,1
664,5/26/2022 14:57:39,2-5 years,Specialist,2-5 years,23.0,"$25,000","$1,500",21-30,CA,Asian,Man,1
657,5/24/2022 19:55:12,10-15 years,Operations Expert,6-8 years,29.5,"$60,000","$2,000",31-40,CA,Hispanic or Latino or Spanish Origin of any race,Man,1
39,4/18/2022 16:25:36,6-10 years,Technical Specialist,2-5 years,24.6,"$50,000.00","2,000",21-30,CA,Black or African American,Man,1
404,4/22/2022 10:57:08,2-5 years,Genius Admin,2-5 years,29.73,"60,000","$2,500",21-30,CA,White,Woman,1
399,4/22/2022 10:43:46,6-10 years,Operations Expert,2-5 years,30.0,"$62,000.00 USD","$4,000.00 USD",21-30,CA,White,Man,1
377,4/21/2022 23:44:31,2-5 years,Business Expert,0-1 years,29.75,"61,000","1,500",21-30,CA,Hispanic or Latino or Spanish Origin of any race,Woman,1
378,4/21/2022 23:48:09,2-5 years,Genius,2-5 years,32.5,"67,770","2,000",21-30,CA,White,Man,1
380,4/22/2022 0:22:52,6-10 years,network engineer,2-5 years,36.93,"$76,818","$3,000.00",31-40,CA,White,Man,1
499,4/24/2022 15:17:41,10-15 years,Manager,6-8 years,41.0,"86,000","16,000",31-40,CA,Hispanic or Latino or Spanish Origin of any race,Woman,1
461,4/22/2022 23:17:10,2-5 years,Operations Specialist,2-5 years,23.42,"$48,000","$2,500",31-40,CA,White,Woman,1
78,4/18/2022 19:57:48,6-10 years,Business Pro,2-5 years,28.0,"$60,000.00",X,21-30,CA,Asian,Man,1
322,4/21/2022 11:59:46,2-5 years,Genius,0-1 years,25.8,"$38,000","$3,000",31-40,CA,Hispanic or Latino or Spanish Origin of any race,Man,1
518,4/25/2022 17:24:54,6-10 years,Technical Expert,2-5 years,27.25,"$34,700","$2,500",21-30,CA,Hispanic or Latino or Spanish Origin of any race,Man,1
526,4/25/2022 22:03:45,2-5 years,Technical Expert,0-1 years,26.3,"54,704","3,000",21-30,CA,White,Woman,1
529,4/25/2022 22:06:50,2-5 years,Business Pro,0-1 years,30.06,"$62,000","$1,015",31-40,CA,White,Man,1
534,4/26/2022 0:50:37,2-5 years,Technical Expert,0-1 years,24.27,"$30,000","$2,000",21-30,CA,Asian,Man,1
141,4/19/2022 7:00:27,6-10 years,Lead,0-1 years,33.17,"$69,000.00","$25,000.00",21-30,CA,White,Man,1
311,4/21/2022 9:46:25,6-10 years,Technical Expert,2-5 years,24.5,~50k,"$3,000",21-30,CA,White,Man,1
83,4/18/2022 20:58:00,10-15 years,Senior Manager,2-5 years,51.92,108000,"25,000",31-40,CA,White,Man,1
339,4/21/2022 14:18:07,2-5 years,Technical Expert,2-5 years,26.64,"$56,560","$2,500",21-30,CA,White,Man,1
208,4/19/2022 22:43:07,2-5 years,Genius,2-5 years,32.0,"$60,000.00","$2,000.00",21-30,CA,I choose not to disclose,I choose not to disclose,1
323,4/21/2022 12:05:52,2-5 years,Lead Genius,2-5 years,35.03,"$72,846","$3,578",31-40,CA,White,Man,1
381,4/22/2022 0:30:23,2-5 years,Technical Expert,0-1 years,25.25,"36,000",1500,21-30,CA,Hispanic or Latino or Spanish Origin of any race,Woman,1
294,4/21/2022 3:44:31,10-15 years,service voice for aos,2-5 years,24.0,"53,000","$1,500",51-60,CA,Black or African American,Man,1
199,4/19/2022 19:09:22,2-5 years,Lead,0-1 years,30.5,"$63,000","$2,000",21-30,CA,Asian,Man,1
307,4/21/2022 9:25:19,10-15 years,Genius Admin,0-1 years,29.0,"$60,000","$2,500",31-40,CA,I choose not to disclose,Man,1
409,4/22/2022 11:40:39,10-15 years,Specialist,2-5 years,22.99,47820,"$1,500",31-40,AZ,White,Woman,1
593,4/30/2022 21:46:54,2-5 years,Expert,0-1 years,22.7,47000,1000,21-30,AZ,White,Transgender,1
550,4/26/2022 20:51:49,6-10 years,Genius,2-5 years,26.0,"50,000","2,000",21-30,AZ,Hispanic or Latino or Spanish Origin of any race,Woman,1
353,4/21/2022 18:48:41,6-10 years,t2 technical support aha,6-8 years,22.9,46716,2000,21-30,AZ,White,Man,1
392,4/22/2022 8:13:05,6-10 years,Genius,6-8 years,24.4,50741,2000,31-40,AR,White,Man,1
195,4/19/2022 17:17:02,6-10 years,Operations Expert,2-5 years,30.97,"$64,000.00","$2,500.00",21-30,CA,White,Man,1
462,4/23/2022 0:08:54,10-15 years,Genius,9-11 years,27.89,"$58,000","$2,000",31-40,FL,White,Non-binary / non-conforming,1
418,4/22/2022 12:14:07,6-10 years,Lead,9-11 years,24.0,IDK,"$4,500",21-30,CA,I choose not to disclose,I choose not to disclose,1
164,4/19/2022 11:09:10,2-5 years,Pro,2-5 years,28.0,"$53,000.00","$1,500.00",21-30,CA,Hispanic or Latino or Spanish Origin of any race,Man,1
23,4/18/2022 15:26:46,2-5 years,Genius,2-5 years,27.29,"$28,000.00","$2,000.00",21-30,CA,I choose not to disclose,Man,1
24,4/18/2022 15:31:52,6-10 years,Tech and Merchandising Pro,2-5 years,29.57,"$60,000.00","$2,000.00",21-30,CA,Hispanic or Latino or Spanish Origin of any race,Woman,1
656,5/24/2022 19:51:36,6-10 years,Genius,0-1 years,27.0,"56,000","2,000",31-40,CA,White,Woman,1
654,5/23/2022 11:49:29,2-5 years,ux designer ,2-5 years,76.92,160000,70000,31-40,CA,White,Man,1
28,4/18/2022 15:47:52,2-5 years,Specialist,2-5 years,23.23,"$49,000.00",-,21-30,CA,Black or African American,Man,1
232,4/20/2022 9:26:27,6-10 years,Lead Genius,0-1 years,34.0,"$71,000.00","$2,500.00",21-30,CA,Hispanic or Latino or Spanish Origin of any race,Non-binary / non-conforming,1
645,5/16/2022 4:14:32,0-1 years,Specialist,0-1 years,22.5,"$33,000",-,21-30,CA,Hispanic or Latino or Spanish Origin of any race,Woman,1
251,4/20/2022 15:54:01,2-5 years,Expert,2-5 years,25.02,"$45,000","2,500.00",21-30,CA,Black or African American,Non-binary / non-conforming,1
639,5/12/2022 21:20:34,6-10 years,designer,2-5 years,52.16,"$108,500/year ",-,21-30,CA,White,Man,1
293,4/21/2022 3:03:09,10-15 years,Genius,9-11 years,32.0,"$67,572","$3,000",31-40,CA,I choose not to disclose,I choose not to disclose,1
35,4/18/2022 16:04:55,2-5 years,Tech and Merchandising Pro,2-5 years,31.83,"$66,000.00","$2,317.14",31-40,CA,White,Man,1
256,4/20/2022 16:35:17,2-5 years,Specialist,2-5 years,26.14,"$27,480","$1,500",21-30,CA,Black or African American,Woman,1
210,4/19/2022 22:59:03,10-15 years,Operations Lead,2-5 years,34.0,"$72,000.00","$2,000.00",31-40,CA,White,Man,1
372,4/21/2022 22:34:39,2-5 years,Genius,0-1 years,28.51,29900,2000,21-30,CA,Asian,Man,1
76,4/18/2022 19:53:32,16-20 years,quality program manager,9-11 years,52.71,"$110,000.00",3000,31-40,CA,White,Man,1
502,4/24/2022 19:55:45,2-5 years,Expert,0-1 years,25.0,"$48,000","$1,500",31-40,CA,Hispanic or Latino or Spanish Origin of any race,Man,1
483,4/23/2022 19:45:17,10-15 years,Technical Specialist,9-11 years,23.0,"$23,000","$1,500",51-60,CA,White,Woman,1
482,4/23/2022 19:33:09,2-5 years,Specialist,2-5 years,20.0,"22,000",1000,21-30,CA,Hispanic or Latino or Spanish Origin of any race,Woman,1
473,4/23/2022 13:39:20,2-5 years,Genius Admin,0-1 years,29.0,"$52,000","$2,500",21-30,CA,White,Woman,1
67,4/18/2022 19:15:04,2-5 years,account manager,2-5 years,44.76,"$93,000.00","$2,000",31-40,CA,Hispanic or Latino or Spanish Origin of any race,Man,1
467,4/23/2022 4:01:46,2-5 years,Expert,0-1 years,24.78,25780,"$1,500",21-30,CA,White,Man,1
181,4/19/2022 13:50:32,6-10 years,Genius,2-5 years,28.8,"$59,000.00","$2,200.00",21-30,CA,Hispanic or Latino or Spanish Origin of any race,Man,1
239,4/20/2022 12:17:24,6-10 years,Genius,0-1 years,27.9,"$54,000.00","$2,500.00",31-40,CA,White,Man,1
453,4/22/2022 21:16:58,10-15 years,Operations Specialist,6-8 years,26.97,"USD $56,090","USD $1,500",41-50,CA,Hispanic or Latino or Spanish Origin of any race,Man,1
126,4/19/2022 0:44:04,6-10 years,resource operations analyst,0-1 years,29.0,"$560,000.00","$2,000.00",31-40,CA,Hispanic or Latino or Spanish Origin of any race,Woman,1
365,4/21/2022 21:03:17,6-10 years,Lead Genius,2-5 years,31.73,63460,3000,31-40,CA,White,Man,1
440,4/22/2022 17:53:59,2-5 years,Operations Specialist,2-5 years,23.5,"$24,439","$1,784.53",21-30,CA,Hispanic or Latino or Spanish Origin of any race,Man,1
369,4/21/2022 21:57:17,2-5 years,Genius,0-1 years,31.65,"$65,832","$2,000",21-30,CA,White,Woman,1
469,4/23/2022 6:57:39,6-10 years,is&t helpline analyst,2-5 years,27.5,59800,2000,21-30,CA,White,Man,1
610,5/2/2022 11:01:07,2-5 years,Technical Expert,2-5 years,23.01,"$47,000","$2,000",51-60,FL,White,Woman,1
457,4/22/2022 22:45:08,10-15 years,Genius,6-8 years,27.4,"57,174","2,000",31-40,FL,Hispanic or Latino or Spanish Origin of any race,Man,1
615,5/3/2022 18:01:24,2-5 years,Technical Specialist,2-5 years,20.0,"33,000","1,500",21-30,FL,Black or African American,Man,1
614,5/3/2022 0:03:33,2-5 years,Pro,0-1 years,27.25,"$56,600","$2,000",31-40,MN,White,Man,1
650,5/18/2022 21:14:59,6-10 years,Genius,6-8 years,26.74,55618,"$2,561",21-30,MN,White,Man,1
124,4/19/2022 0:04:49,2-5 years,Operations Specialist,2-5 years,21.59,"$27,000.00",-,21-30,MN,White,Woman,1
523,4/25/2022 20:12:31,10-15 years,Lead Genius,2-5 years,33.47,"$69,610",3429.72,31-40,MN,I choose not to disclose,Man,1
494,4/24/2022 12:57:56,2-5 years,ga,0-1 years,23.12,"45,000",unsure,21-30,MI,White,Woman,1
351,4/21/2022 17:59:54,2-5 years,Expert,0-1 years,23.0,24000,Unknown ,21-30,MI,White,Man,1
345,4/21/2022 16:00:07,2-5 years,Expert,0-1 years,25.0,51000,2500,21-30,MI,Black or African American,Man,1
492,4/24/2022 7:04:48,6-10 years,Genius,2-5 years,23.75,"$49,400","$2,500",21-30,MI,White,Man,1
471,4/23/2022 9:26:39,16-20 years,senior customer service ,0-1 years,25.28,"$52,572","$2,000",41-50,MI,White,Woman,1
120,4/18/2022 23:45:12,2-5 years,Operations Specialist,0-1 years,20.25,"$42,120.00","$2,000.00",21-30,MI,White,Woman,1
617,5/4/2022 20:29:47,2-5 years,Technical Specialist,0-1 years,21.18,"$44,505",Unsure,21-30,ME,White,Woman,1
310,4/21/2022 9:42:29,2-5 years,Creative,2-5 years,24.43,"52,714","$2,000",21-30,MD,Hispanic or Latino or Spanish Origin of any race,Woman,1
95,4/18/2022 21:31:28,0-1 years,Technical Specialist,0-1 years,20.0,"$20,800.00",$0.00,21-30,MD,Black or African American,Woman,1
692,6/18/2022 22:13:53,2-5 years,Manager,0-1 years,43.27,"$90,000",0,41-50,MN,I choose not to disclose,I choose not to disclose,1
407,4/22/2022 11:27:33,2-5 years,Pro,2-5 years,23.0,"48,000","3,000",31-40,MD,I choose not to disclose,Woman,1
454,4/22/2022 22:14:16,2-5 years,Operations Specialist,0-1 years,21.76,"$45,240","$1,500",31-40,MD,White,Man,1
105,4/18/2022 22:07:12,6-10 years,Creative Pro,2-5 years,25.38,"$52,700.00","$3,000.00",21-30,MD,Black or African American,Woman,1
85,4/18/2022 21:02:24,2-5 years,Genius,0-1 years,26.39,"$27,000",1500,21-30,MD,Black or African American,Woman,1
81,4/18/2022 20:55:08,6-10 years,Creative,2-5 years,24.0,$49.92,"$1,000",31-40,MD,White,Man,1
142,4/19/2022 7:03:22,6-10 years,Operations Specialist,2-5 years,23.5,"$48,000.00","$1,500.00",31-40,MD,White,Transgender,1
401,4/22/2022 10:47:36,2-5 years,Tech and Merchandising Pro,0-1 years,26.5,55120,2500,31-40,MD,I choose not to disclose,I choose not to disclose,1
84,4/18/2022 20:58:29,0-1 years,Technical Specialist,0-1 years,20.0,"$20,000",$0,18-20,MD,White,Man,1
588,4/30/2022 1:15:59,10-15 years,Creative Pro,2-5 years,27.36,"$56,888","$2,000",31-40,MD,White,Man,1
315,4/21/2022 10:06:39,2-5 years,Specialist,2-5 years,21.96,"$46,000","$1,600",21-30,MD,White,Man,1
641,5/13/2022 0:20:58,10-15 years,Genius,2-5 years,28.0,"$60,000","$2,000",31-40,MD,I choose not to disclose,I choose not to disclose,1
320,4/21/2022 11:00:33,2-5 years,Lead Genius,2-5 years,34.0,"$72,000","$3,000",21-30,MD,Native Hawaiian or Other Pacific Islander,Man,1
410,4/22/2022 11:43:45,10-15 years,Genius,12+ years,32.5,"75,000","$2,000",31-40,MD,White,Man,1
113,4/18/2022 22:40:39,2-5 years,Technical Expert,0-1 years,24.13,"$50,189.00","$2,500.00",21-30,MA,White,Woman,1
420,4/22/2022 12:23:39,10-15 years,Genius,9-11 years,32.0,"66,500",2000,31-40,MD,I choose not to disclose,I choose not to disclose,1
472,4/23/2022 13:35:24,2-5 years,Expert,2-5 years,24.08,"46,000- $48,000 with overtime",2000,21-30,MA,White,Woman,1
679,6/6/2022 13:19:50,2-5 years,Genius,2-5 years,29.5,42000,2500,21-30,MN,Black or African American,Man,1
681,6/8/2022 13:57:18,2-5 years,Technical Expert,0-1 years,22.5,"$46,799","$1,500",21-30,MO,White,Transgender,1
549,4/26/2022 19:53:55,6-10 years,ft aha mac+,6-8 years,20.68,"$42,993","$4,424",31-40,NM,Hispanic or Latino or Spanish Origin of any race,Man,1
31,4/18/2022 15:57:50,6-10 years,Genius,2-5 years,28.28,"$59,000.00","$1,000.00",21-30,NJ,White,Man,1
14,4/18/2022 14:53:26,2-5 years,Technical Specialist,0-1 years,20.79,"$43,000.00","$1,500.00",21-30,NJ,Hispanic or Latino or Spanish Origin of any race,Man,1
511,4/25/2022 10:48:55,2-5 years,Expert,0-1 years,26.48,55k before taxes ,"3,000",21-30,NJ,Asian,Woman,1
524,4/25/2022 21:26:00,2-5 years,Genius Admin,2-5 years,22.98,"$58,000","$2,500",21-30,NJ,White,Woman,1
103,4/18/2022 22:05:59,10-15 years,Lead Genius,6-8 years,36.52,"$75,952.00","$3,000.00",31-40,NJ,White,Man,1
313,4/21/2022 9:50:22,2-5 years,Technical Expert,0-1 years,26.08,"$54,000","$1,500",21-30,NJ,White,Man,1
63,4/18/2022 18:28:15,2-5 years,Genius,2-5 years,29.0,"$59,000.00","$2,500",21-30,NJ,White,Man,1
252,4/20/2022 16:01:13,2-5 years,Creative Pro,0-1 years,27.5,"$56,000","$1,500",21-30,NJ,Hispanic or Latino or Spanish Origin of any race,Woman,1
566,4/28/2022 11:52:52,2-5 years,Technical Specialist,0-1 years,22.87,"$35,000","$2,200",21-30,NJ,White,Man,1
616,5/3/2022 21:42:58,2-5 years,Genius,0-1 years,25.0,55000,3000,21-30,NJ,White,Woman,1
22,4/18/2022 15:24:34,0-1 years,Specialist,0-1 years,20.0,"$22,000.00",-,18-20,NH,White,Woman,1
595,5/1/2022 3:35:18,6-10 years,Genius,0-1 years,27.0,"$54,600","$2,000",31-40,NH,Hispanic or Latino or Spanish Origin of any race,Man,1
383,4/22/2022 1:37:29,2-5 years,Creative Pro,0-1 years,23.56,0,0,21-30,MO,Hispanic or Latino or Spanish Origin of any race,Woman,1
281,4/20/2022 22:37:17,6-10 years,Manager,2-5 years,33.41,"$69,493","$16,500",21-30,NH,White,Man,1
398,4/22/2022 10:43:22,2-5 years,Lead,2-5 years,29.0,"60,000",2500,21-30,NH,White,Man,1
317,4/21/2022 10:19:35,10-15 years,Lead Genius,2-5 years,31.14,"$77,500",3000,31-40,NH,White,Man,1
447,4/22/2022 19:36:33,6-10 years,Creative Pro,12+ years,29.0,"$61,000","$2,000",31-40,NC,White,Man,1
400,4/22/2022 10:45:31,6-10 years,Genius Admin,2-5 years,24.42,"50,801","2,000",21-30,NC,White,Woman,1
86,4/18/2022 21:04:22,6-10 years,Business Expert,0-1 years,25.9,"$53,893","$2,000",51-60,NC,White,Woman,1
305,4/21/2022 9:10:31,2-5 years,Technical Expert,2-5 years,24.0,"$49,500","$2,000",21-30,NC,Hispanic or Latino or Spanish Origin of any race,Man,1
284,4/20/2022 23:27:44,6-10 years,Genius,0-1 years,28.15,"$46,841",3500,21-30,NC,White,Man,1
646,5/16/2022 11:14:18,6-10 years,iops cat advisor,9-11 years,26.99,"56,000",2000,51-60,NC,White,Woman,1
354,4/21/2022 19:05:25,2-5 years,Genius,0-1 years,27.4,57000,2000,21-30,NC,White,Man,1
663,5/26/2022 10:13:46,2-5 years,Pro,2-5 years,28.0,"$58,000","$2,000",21-30,NC,Hispanic or Latino or Spanish Origin of any race,Man,1
82,4/18/2022 20:56:52,6-10 years,Business Expert,0-1 years,25.9,"$53,893","$2,000",51-60,NC,White,Woman,1
699,7/8/2022 23:23:14,6-10 years,Genius,2-5 years,25.24,"$52,000","$2,000",31-40,MO,Hispanic or Latino or Spanish Origin of any race,Man,1
683,6/8/2022 15:30:02,0-1 years,Technical Specialist,0-1 years,20.0,"$29,000",$0,21-30,MO,Hispanic or Latino or Spanish Origin of any race,Man,1
127,4/19/2022 0:54:52,6-10 years,Genius,2-5 years,25.08,"$51,200.00","$1,500.00",21-30,NH,White,Man,1
411,4/22/2022 11:50:16,2-5 years,Genius Admin,2-5 years,22.0,"$36,000",2000,21-30,WI,White,Woman,1
513,4/25/2022 12:33:25,10-15 years,Business Pro,2-5 years,36.0,"74,000","$2,000",41-50,MA,White,Man,1
451,4/22/2022 20:12:31,16-20 years,Lead Genius,9-11 years,39.4,81941,3000,31-40,MA,White,Man,1
638,5/12/2022 8:02:29,10-15 years,Manager,2-5 years,38.0,91000,12000,31-40,GA,White,Man,1
131,4/19/2022 1:45:17,2-5 years,Technical Expert,0-1 years,23.0,"$47,000.00","$5,000.00",31-40,GA,I choose not to disclose,I choose not to disclose,1
629,5/9/2022 11:54:04,6-10 years,Pro,2-5 years,27.68,"$57,567","$2,000",31-40,GA,White,Man,1
357,4/21/2022 19:39:58,2-5 years,Technical Expert,2-5 years,24.0,"$24,000","$6,500",21-30,GA,Black or African American,Woman,1
561,4/27/2022 21:36:23,2-5 years,Genius,0-1 years,24.0,"$49,000","$2,000",21-30,GA,White,Man,1
514,4/25/2022 13:50:31,2-5 years,Operations Specialist,2-5 years,21.23,"$44,149","$1,500",21-30,GA,White,Non-binary / non-conforming,1
525,4/25/2022 22:03:22,0-1 years,Specialist,0-1 years,20.0,"41,000",Na,21-30,GA,Black or African American,Man,1
96,4/18/2022 21:35:14,6-10 years,Genius Admin,2-5 years,24.32,"$50,000.00","$3,000.00",21-30,GA,Black or African American,Woman,1
465,4/23/2022 1:22:43,6-10 years,Pro,6-8 years,25.25,"53,000",2500,31-40,FL,White,Man,1
37,4/18/2022 16:16:25,10-15 years,Technical Expert,2-5 years,27.76,"$57,720.00",1500?,31-40,FL,I choose not to disclose,Man,1
150,4/19/2022 9:11:13,2-5 years,Specialist,2-5 years,20.62,"$42,948.00","$1,500.00",21-30,FL,Black or African American,Man,1
568,4/28/2022 13:54:05,10-15 years,Specialist,9-11 years,24.33,"$50,605 USD",$3500 USD,31-40,FL,Black or African American,Woman,1
552,4/26/2022 22:31:43,2-5 years,Creative Pro,0-1 years,25.88,53830,"$2,000.00",21-30,FL,White,Man,1
138,4/19/2022 4:20:18,6-10 years,People Operations Planner,0-1 years,26.0,"$54,075.00","$2,000.00",31-40,GA,White,Woman,1
402,4/22/2022 10:47:42,6-10 years,Technical Expert,2-5 years,26.83,"$55,804","$2,000",31-40,FL,Hispanic or Latino or Spanish Origin of any race,Man,1
64,4/18/2022 18:36:37,10-15 years,Genius,6-8 years,28.99,"$60,288.00","$2,000",31-40,FL,Asian,Man,1
422,4/22/2022 12:41:29,10-15 years,applecare senior specialist,2-5 years,26.31,"$54,707","$2,000",31-40,FL,White,Woman,1
431,4/22/2022 14:37:53,6-10 years,Lead Genius,0-1 years,34.15,"$71,030","$2,000",31-40,FL,Hispanic or Latino or Spanish Origin of any race,Woman,1
643,5/14/2022 0:03:46,6-10 years,Lead,2-5 years,33.71,"$70,096","$3,000",41-50,FL,Hispanic or Latino or Spanish Origin of any race,Man,1
436,4/22/2022 16:54:40,6-10 years,Genius Admin,2-5 years,24.0,"$25,025","$2,000",31-40,FL,Hispanic or Latino or Spanish Origin of any race,Non-binary / non-conforming,1
520,4/25/2022 19:15:29,10-15 years,Genius Admin,2-5 years,25.69,"$53,000","$2,000",31-40,FL,White,Woman,1
464,4/23/2022 0:40:45,2-5 years,Technical Specialist,0-1 years,22.4,"$30,000","$4,806",21-30,FL,I choose not to disclose,Woman,1
519,4/25/2022 17:46:11,2-5 years,Specialist,2-5 years,20.32,"$42,262",1500,21-30,FL,White,Woman,1
517,4/25/2022 16:04:08,6-10 years,Genius Admin,2-5 years,23.14,"48,131 USD",2000 USD,21-30,FL,Black or African American,Woman,1
125,4/19/2022 0:36:09,6-10 years,Technical Specialist,2-5 years,22.51,"$39,000.00","$2,500.00",21-30,FL,Black or African American,Woman,1
452,4/22/2022 20:20:59,2-5 years,Genius,0-1 years,26.0,"$54,079","$2,000",31-40,FL,Black or African American,Woman,1
594,4/30/2022 21:53:21,2-5 years,Specialist,2-5 years,21.93,"$33,684 USD",$1500 USD,21-30,FL,Hispanic or Latino or Spanish Origin of any race,Woman,1
558,4/27/2022 11:08:22,6-10 years,Genius,2-5 years,28.19,"$29,310","$3,000",31-40,FL,White,Man,1
152,4/19/2022 9:41:57,2-5 years,Specialist,2-5 years,22.75,"$22,993.00","$3,000.00",21-30,FL,Hispanic or Latino or Spanish Origin of any race,Man,1
690,6/14/2022 9:43:28,0-1 years,Specialist,0-1 years,21.5,"$44,720",Not sure,21-30,MA,Asian,Man,1
32,4/18/2022 15:59:36,6-10 years,t2 max+ advisor,0-1 years,26.74,"$55,625.00","$2,000.00",21-30,GA,White,Transgender,1
532,4/25/2022 23:38:30,2-5 years,Genius Admin,2-5 years,22.92,47682,2000,21-30,IA,White,Man,1
689,6/14/2022 9:23:31,2-5 years,Specialist,2-5 years,23.0,"24,000",2000,31-40,MA,Black or African American,Man,1
155,4/19/2022 10:01:09,10-15 years,Genius,9-11 years,29.76,"$30,950.00","$2,000.00",21-30,MA,White,Woman,1
192,4/19/2022 16:44:13,10-15 years,Business Pro,6-8 years,30.12,"$62,631.00","$1,500.00",31-40,MA,White,Man,1
688,6/14/2022 9:19:39,6-10 years,Operations Specialist,0-1 years,23.0,"$47,800","$2,000",31-40,MA,White,Man,1
258,4/20/2022 16:48:54,6-10 years,Genius,2-5 years,27.0,"$54,000","$2,000",21-30,MA,White,Man,1
280,4/20/2022 22:20:55,2-5 years,Expert,2-5 years,24.9,"$51,771","$2,000",21-30,MA,White,Woman,1
194,4/19/2022 17:16:35,2-5 years,Lead,0-1 years,32.1,"$66,765.00","$2,500.00",21-30,MA,Black or African American,Woman,1
685,6/9/2022 23:32:12,2-5 years,Technical Specialist,0-1 years,21.0,"$43,000","$1,250",21-30,KY,White,Woman,1
578,4/28/2022 23:15:01,2-5 years,Technical Expert,2-5 years,22.7,"47,000","5,836",21-30,KY,Hispanic or Latino or Spanish Origin of any race,Woman,1
302,4/21/2022 8:58:53,2-5 years,Lead Genius,2-5 years,28.76,"$60,000",2000,31-40,KY,White,Man,1
397,4/22/2022 10:13:07,2-5 years,Lead,2-5 years,31.51,"$65,540.00","$3,000",21-30,IN,Hispanic or Latino or Spanish Origin of any race,Man,1
308,4/21/2022 9:35:52,2-5 years,Genius Admin,0-1 years,23.11,"$48,000","$2,000",21-30,IN,Hispanic or Latino or Spanish Origin of any race,Man,1
187,4/19/2022 14:50:34,6-10 years,Operations Lead,0-1 years,31.0,"$64,500.00",Unsure,31-40,IL,White,Woman,1
700,7/9/2022 16:49:34,2-5 years,Technical Expert,2-5 years,28.13,No idea ,"$1,500",21-30,HI,Hispanic or Latino or Spanish Origin of any race,Non-binary / non-conforming,1
432,4/22/2022 14:50:20,10-15 years,Genius,9-11 years,28.91,"$60,020","$2,000",31-40,IL,Hispanic or Latino or Spanish Origin of any race,Woman,1
374,4/21/2022 23:10:26,2-5 years,Specialist,2-5 years,21.8,"$42,000","$1,000",21-30,IL,Hispanic or Latino or Spanish Origin of any race,Woman,1
312,4/21/2022 9:47:44,6-10 years,Genius,2-5 years,27.0,"57,000","3,000",31-40,IL,Hispanic or Latino or Spanish Origin of any race,Woman,1
171,4/19/2022 12:18:53,6-10 years,Specialist,2-5 years,26.9,"25,000 USD","$2,500.00",51-60,IL,White,Woman,1
362,4/21/2022 20:27:04,0-1 years,Specialist,0-1 years,21.0,"$21,700",0,18-20,IL,White,Man,1
443,4/22/2022 19:14:44,2-5 years,Business Expert,0-1 years,24.47,"$52,500","$1,500",21-30,IL,White,Man,1
370,4/21/2022 22:14:43,10-15 years,Genius,6-8 years,28.5,"$60,000","$3,000",41-50,IL,White,Man,1
355,4/21/2022 19:06:39,6-10 years,Technical Expert,6-8 years,26.51,"$27,566","$1,000",31-40,IL,White,Woman,1
547,4/26/2022 17:57:15,2-5 years,Specialist,2-5 years,21.91,"$30,000","$1,000",31-40,IL,White,Man,1
240,4/20/2022 12:21:17,6-10 years,Tech and Merchandising Pro,2-5 years,27.33,"$69,000.00","$2,000.00",21-30,IL,White,Man,1
233,4/20/2022 9:59:17,10-15 years,Genius Admin,2-5 years,26.62,"$55,351.00","$2,500.00",31-40,IL,White,Man,1
221,4/20/2022 0:49:49,0-1 years,Specialist,0-1 years,21.0,"$25,000.00",$0.00,21-30,IL,Hispanic or Latino or Spanish Origin of any race,Man,1
607,5/1/2022 20:10:36,2-5 years,Technical Specialist,0-1 years,22.07,"$23,000","$1,500",21-30,IL,Hispanic or Latino or Spanish Origin of any race,Man,1
348,4/21/2022 17:32:13,0-1 years,Specialist,0-1 years,22.0,"$48,000",$0,21-30,IA,White,Man,1
391,4/22/2022 7:54:20,6-10 years,Genius,2-5 years,27.92,"$58,052","$2,000",31-40,IL,White,Man,1
107,4/18/2022 22:19:22,6-10 years,Genius,2-5 years,22.15,"$46,000.00",-,21-30,WI,White,Man,1
