"We are here to enrich lives. To help dreamers become doers, to help passion expand human potential, to do the best work of our lives.","At our best, we give more than we take. From the planet, to the person beside us. We become a place to belong where everyone is welcome. Everyone.",We draw strength from our differences. From background and perspective to collaboration and debate. We are open.,"We redefine expectations. First for ourselves, then for the world. ", Because we’re a little crazy. Because “good enough” isn’t. Because what we do says who we are. ," We find courage. To try and to fail, to learn and to grow, to figure out what’s next, to imagine the unimaginable, to do it all over again tomorrow.   ","At our core, we believe our soul is our people. People who recognize themselves in each other. People who shine a spotlight only to stand outside it. People who work to leave this world better than they found it. People who live to enrich lives.",(p.s. don't forget to do your part and fill out your store pulse),,,
Timestamp,How long have you been with Apple?,"What is your current role? (ex. PT Specialist, FT Expert)",How many years have you been in your current role?,"What is your current hourly rate of pay? (e.g. $24.00, 25.00 CAD, Mex$190, £17.00, €21,50)","What is your current annual salary (e.g. $38,60, £24,000, 52,000 CAD, €46,000, Mex$16,000)","What was your RSU grant in your recent merit increase (Sep/Oct 2021; e.g. $3,500, Mex$2,200)",What is your age?,What state/province do you work in? (Abbreviation for US states),What is your ethnicity?,What is your gender?
4/18/2022 0:28:54,10-15,FT Manager,6-7,$48.70,"$101,000.00"," $ 24,000.00 ",31-40,NY,Asian,Man
4/18/2022 14:04:02,2-5 years,Genius,0-1 years,$26.31,"$55,000.00"," $ 2,500.00 ",21-30,Washington State,Black or African American,Man
4/18/2022 14:13:18,2-5 years,FT Operations Sprecialist,2-5 years,$23.50,"$50,000.00"," $ 1,500.00 ",21-30,CA,Hispanic or Latino or Spanish Origin of any race,Man
4/18/2022 14:17:33,6-10 years,Lead Genius,2-5 years,$37.00,"$78,000.00"," $ 3,000.00 ",21-30,NY,White,Man
4/18/2022 14:22:03,6-10 years,FT Genius,2-5 years,$29.50,"$61,000.00"," $ 1,000.00 ",21-30,NY,White,Man
4/18/2022 14:22:21,10-15 years,Account Manager,2-5 years,$44.55,"$92,680.00", $ -   ,31-40,CA,Asian,Woman
4/18/2022 14:24:00,6-10 years,Genius Admin,0-1 years,$26.74,"$50,000.00"," $ 1,400.00 ",31-40,NY,American Indian or Alaskan Native,Man
4/18/2022 14:26:43,0-1 years,Technical Specialist,0-1 years,$19.60,"$28,000.00", $ -   ,21-30,CA,White,Woman
4/18/2022 14:30:30,0-1 years,Business Markets (Product Marketing - EC2),2-5 years,$0.00,"Salaried > $103,000", Didn't quality (due to my level) ,21-30,"Cupertino, California",White,Woman
4/18/2022 14:36:17,2-5 years,FT specialist,0-1 years,$22.33,"$47,000.00"," $ 1,500.00 ",51-60,Ont,White,Woman
4/18/2022 14:42:51,6-10 years,Lead,0-1 years,$36.80,"$77,000.00"," $ 2,000.00 ",21-30,TX,Black or African American,Man
4/18/2022 14:45:59,6-10 years,Expert,2-5 years,$26.20,"$54,000.00"," $ 2,000.00 ",21-30,WA,Hispanic or Latino or Spanish Origin of any race,Woman
4/18/2022 14:47:19,6-10 years,FT Expert,0-1 years,$28.84,"$60,000.00"," $ 2,000.00 ",21-30,WA,Hispanic or Latino or Spanish Origin of any race,Woman
4/18/2022 14:51:27,6-10 years,Lead Genius,2-5 years,$35.00,"$72,800.00","$3,000.00",31-40,WA,Hispanic or Latino or Spanish Origin of any race,Man
4/18/2022 14:53:26,2-5 years,FT Tech Specialist,0-1 years,$20.79,"$43,000.00","$1,500.00",21-30,NJ,Hispanic or Latino or Spanish Origin of any race,Man
4/18/2022 14:54:32,2-5 years,PT Operations Specialist,0-1 years,$19.71,"$21,000.00",-,21-30,ON,Native Hawaiian or Other Pacific Islander,Woman
4/18/2022 15:02:07,6-10 years,FT Expert,2-5 years,$27.69,"$57,000.00","$3,000.00",21-30,WA,White,Woman
4/18/2022 15:05:05,10-15 years,Creative Pro,2-5 years,$30.29,"$63,000.00","$2,500.00",31-40,CA,White,Man
4/18/2022 15:06:50,2-5 years,FT Specialist,2-5 years,$24.27,"$50,492.00","$4,806.00",21-30,NY,Black or African American,Woman
4/18/2022 15:17:41,6-10 years,FT Ops Specialist ,2-5 years,$24.00,"$49,000.00","$2,000.00",21-30,NY,Hispanic or Latino or Spanish Origin of any race,Woman
4/18/2022 15:20:59,2-5 years,FT Technical Specialist,2-5 years,$24.30,"$51,000.00","$1,500.00",21-30,NY,Hispanic or Latino or Spanish Origin of any race,Woman
4/18/2022 15:24:17,6-10 years,FT Business Pro,0-1 years,£17.20,"£34,000.00","$2,500.00",21-30,ENGLAND,White,Woman
4/18/2022 15:24:34,0-1 years,PT PZ specialist,0-1 years,$20.00,"$22,000.00",-,18-20,NH,White,Woman
4/18/2022 15:26:46,2-5 years,PT Genius,2-5 years,$27.29,"$28,000.00","$2,000.00",21-30,CA,I choose not to disclose,Man
4/18/2022 15:31:52,6-10 years,FT Technology and Merchandising Pro,2-5 years,$29.57,"$60,000.00","$2,000.00",21-30,CA,Hispanic or Latino or Spanish Origin of any race,Woman
4/18/2022 15:40:49,2-5 years,PT Operations Specialist,0-1 years,$24.12,"$25,000.00","$3,000.00",21-30,NY,Hispanic or Latino or Spanish Origin of any race,Man
4/18/2022 15:47:11,2-5 years,Full Time Technical Specialist ,0-1 years,$23.55,"$50,000.00","$3,992.00",21-30,New York City ,Black or African American,Woman
4/18/2022 15:47:25,10-15 years,Genius,9-11 years,$31.25,"$60,000.00","$2,000.00",21-30,NY,White,Man
4/18/2022 15:47:52,2-5 years,FT Specialist ,2-5 years,$23.23,"$49,000.00",-,21-30,CA,Black or African American,Man
4/18/2022 15:54:07,6-10 years,Manager,2-5 years,$43.45,"$90,000.00","$11,000.00",21-30,WA,White,Woman
4/18/2022 15:54:46,2-5 years,Business Pro,0-1 years,$31.70,"$68,000.00","$3,000.00",31-40,New York,Hispanic or Latino or Spanish Origin of any race,Man
4/18/2022 15:57:50,6-10 years,Genius,2-5 years,$28.28,"$59,000.00","$1,000.00",21-30,NJ,White,Man
4/18/2022 15:59:36,6-10 years,T2 Max+ Advisor,0-1 years,$26.74,"$55,625.00","$2,000.00",21-30,GA,White,Transgender
4/18/2022 15:59:50,6-10 years,Genius,6-8 years,$32.50,"$65,000.00","$2,300.00",31-40,NY,White,Man
4/18/2022 16:02:17,10-15 years,FT Ops Specialist,6-8 years,"$50,000.00","$50,000.00",$500.00,41-50,Nyc,Hispanic or Latino or Spanish Origin of any race,Woman
4/18/2022 16:04:55,2-5 years,FT TMPro,2-5 years,$31.83,"$66,000.00","$2,317.14",31-40,CA,White,Man
4/18/2022 16:07:42,6-10 years,Genius,2-5 years,$25.42,"$55,000.00","$2,000.00",21-30,MN and FL,White,Man
4/18/2022 16:16:25,10-15 years,FT Tech Expert,2-5 years,$27.76,"$57,720.00",1500?,31-40,FL,I choose not to disclose,Man
4/18/2022 16:20:04,2-5 years,People Ops Planner,2-5 years,$24.74,"$52,000.00","2,500",21-30,DC,Hispanic or Latino or Spanish Origin of any race,Woman
4/18/2022 16:25:36,6-10 years,FT Technical Specialist ,2-5 years,$24.60,"$50,000.00","2,000",21-30,CA,Black or African American,Man
4/18/2022 16:26:39,2-5 years,Operations specialist ,2-5 years,£11,"£22,000",£2000,21-30,UK,Native Hawaiian or Other Pacific Islander,Woman
4/19/2022 5:06:37,6-10 years,FT People Operations Planner,2-5 years,18,35000,2500,21-30,London,Hispanic or Latino or Spanish Origin of any race,Man
4/18/2022 16:29:22,6-10 years,Backstage speacilist,6-8 years,$22.50,"$41,000.00","1,000",21-30,NYC,White,Woman
4/18/2022 16:29:43,10-15 years,Specialist,12+ years,$23.11,$49.00,1800,31-40,TX,White,Man
4/18/2022 16:33:22,2-5 years,Pro,0-1 years,Mex$119,Mex$17400,"2,000",21-30,MX,Hispanic or Latino or Spanish Origin of any race,Man
4/18/2022 16:44:46,0-1 years,PT TS,0-1 years,£13.50,"$22,000.00",0,21-30,London,Black or African American,Man
4/18/2022 16:49:11,2-5 years,Genius ,0-1 years,$30.67,"$61,000.00","$2,000",21-30,New york,Hispanic or Latino or Spanish Origin of any race,Man
4/18/2022 16:53:36,2-5 years,Genius,2-5 years,$25.50,"$56,000.00",Unknown,21-30,WA,White,Man
4/18/2022 16:59:54,2-5 years,Security engineer,2-5 years,$100.00,"$135,000.00","$180,000",31-40,Ca,Asian,Man
4/18/2022 17:04:29,6-10 years,Pro,2-5 years,£19.85,"£39,242","$2,000",31-40,London,White,Man
4/18/2022 17:18:25,10-15 years,Business pro ,2-5 years,$35.00,"$75,000.00",2000,31-40,On,Asian,Man
4/18/2022 17:22:05,10-15 years,FT Operations Lead,2-5 years,$35.77,"$74,397.00",3000,31-40,NY,White,Woman
4/18/2022 17:22:57,6-10 years,Lead,0-1 years,$34.00,"$70,000.00","1,500",31-40,CA,Hispanic or Latino or Spanish Origin of any race,Man
4/18/2022 17:27:47,6-10 years,Genius Admin,2-5 years,Mex$115.42 or $5.82USD,"$17,000 USD","$2,000.00",31-40,CDMX,Hispanic or Latino or Spanish Origin of any race,Man
4/18/2022 17:29:08,6-10 years,Specialist ,2-5 years,$24.00,"$49,919.00",-,21-30,"New York, NY",Hispanic or Latino or Spanish Origin of any race,Woman
4/18/2022 17:31:09,10-15 years,Genius ,6-8 years,$30.00,"$63,000.00",2000,31-40,Ny,Black or African American,Man
4/18/2022 17:35:49,2-5 years,FT Specialist,2-5 years,$20.55,"$43,000.00","$3,000",21-30,TX,Hispanic or Latino or Spanish Origin of any race,Man
4/18/2022 17:47:25,10-15 years,Genius,9-11 years,$31.00,"$63,000.00","$2,000",31-40,Texas,Hispanic or Latino or Spanish Origin of any race,Man
4/18/2022 17:57:45,2-5 years,FT Genius,6-8 years,31 CAD,"$65,000.00",3000,31-40,British Columbia,Hispanic or Latino or Spanish Origin of any race,Man
4/18/2022 18:02:33,2-5 years,PT Specialist,2-5 years,$23.75,"$38,000.00","1,500",31-40,CA,Hispanic or Latino or Spanish Origin of any race,I choose not to disclose
4/18/2022 18:04:04,2-5 years,FT Genius Admin,0-1 years,$26.50,"$56,000.00",N/A,31-40,NY,Black or African American,Woman
4/18/2022 18:08:18,6-10 years,FT Genius Admin,2-5 years,$28.27,"$59,000.00","$2,000",31-40,NY,Black or African American,Man
4/18/2022 18:08:57,2-5 years,FT Technical Expert,0-1 years,$27.40,"$58,000.00",1000,21-30,Syd,Asian,Woman
4/18/2022 18:28:15,2-5 years,FT Genius,2-5 years,$29.00,"$59,000.00","$2,500",21-30,NJ,White,Man
4/18/2022 18:36:37,10-15 years,FT Genius,6-8 years,$28.99,"$60,288.00","$2,000",31-40,FL,Asian,Man
4/18/2022 18:51:43,6-10 years,Genius,2-5 years,$31.53,"$63,000.00","8,000",21-30,NY,Black or African American,Woman
4/18/2022 18:53:59,6-10 years,Genius,2-5 years,$28.10,"$58,000.00","$2,000",21-30,OR,White,Woman
4/18/2022 19:15:04,2-5 years,Account Manager,2-5 years,$44.76,"$93,000.00","$2,000",31-40,CA,Hispanic or Latino or Spanish Origin of any race,Man
4/18/2022 19:25:46,2-5 years,Technical expert,2-5 years,$25.06,"$52,100.00",N/a,21-30,Nyc,Black or African American,Woman
4/18/2022 19:28:12,2-5 years,Specialist ,2-5 years,23.00 CAD,"40,000 CAD",1000,21-30,BC,Asian,Man
4/18/2022 19:29:08,2-5 years,Pro,0-1 years,$26.94,"$56,000.00",2000,31-40,Ct,Hispanic or Latino or Spanish Origin of any race,Man
4/18/2022 19:32:18,10-15 years,Genius Admin,6-8 years,-,"$55,500.00",1000,31-40,NY,I choose not to disclose,I choose not to disclose
4/18/2022 19:39:41,10-15 years,Operations Expert,2-5 years,$25.32,"$53,000.00","$2,000",31-40,TX,White,Man
4/18/2022 19:40:39,2-5 years,Ops Specialist/RCC Chat Sales,2-5 years,$24.18,"$20,000.00","$1,500",21-30,NY,Hispanic or Latino or Spanish Origin of any race,Woman
4/18/2022 19:45:43,2-5 years,People Operations Planner,2-5 years,$25.73,"$48,000.00","2,000",21-30,WA,Hispanic or Latino or Spanish Origin of any race,Woman
4/18/2022 19:50:27,10-15 years,Business Pro,2-5 years,$36.00,"$75,000.00",2000,31-40,Ontario,I choose not to disclose,Man
4/18/2022 19:53:32,16-20 years,Quality Program Manager,9-11 years,$52.71,"$110,000.00",3000,31-40,Ca,White,Man
4/18/2022 19:57:19,6-10 years,Genius,2-5 years,$24.00,"$52,000.00","2,000",31-40,DE,White,Man
4/18/2022 19:57:48,6-10 years,Business pro,2-5 years,$28.00,"$60,000.00",X,21-30,Ca,Asian,Man
4/18/2022 20:07:38,2-5 years,FT Tech Expert,0-1 years,$24.85,"$51,700.00",1500,21-30,VA,White,Woman
4/18/2022 20:22:03,2-5 years,PT specialist,2-5 years,22.5,"$30,000",$500,21-30,WA,White,Man
4/18/2022 20:55:08,6-10 years,Creative,2-5 years,$24.00,$49.92,"$1,000",31-40,Maryland,White,Man
4/18/2022 20:56:52,6-10 years,FT Business Expert,0-1 years,$25.90,"$53,893","$2,000",51-60,NC,White,Woman
4/18/2022 20:58:00,10-15 years,Senior Manager ,2-5 years,51.92,108000,"25,000",31-40,CA,White,Man
4/18/2022 20:58:29,0-1 years,FT Tech Specialist,0-1 years,$20,"$20,000",$0,18-20,MD,White,Man
4/18/2022 21:02:24,2-5 years,PT Genius,0-1 years,$26.39,"$27,000",1500,21-30,MD,Black or African American,Woman
4/18/2022 21:04:22,6-10 years,FT Business Expert,0-1 years,$25.90,"$53,893","$2,000",51-60,NC,White,Woman
4/18/2022 21:05:54,10-15 years,FT Technology & Merchandising Pro,2-5 years,$31.90,"68,445","$2,500",31-40,NY,Black or African American,Man
4/18/2022 21:07:44,2-5 years,FT Expert,0-1 years,25 CAD,"52,000 CAD","$2,000",21-30,Quebec,White,Woman
4/18/2022 21:11:03,2-5 years,Part-time Creative pro,2-5 years,$31.59,"$37,000","$2,000",21-30,NYC,Asian,Woman
4/18/2022 21:16:41,2-5 years,PT Specialist,2-5 years,$23.15,"$24,000","$2,000",31-40,NY,Asian,Man
4/18/2022 21:21:06,10-15 years,Creative Pro,2-5 years,$32.57,"$62,534.40","$2,317.14",51-60,NY,White,Woman
4/18/2022 21:22:08,6-10 years,FT Genius,6-8 years,$32.50,"$66,000","$2,000",21-30,NY,Hispanic or Latino or Spanish Origin of any race,Man
4/18/2022 21:23:04,6-10 years,Creative,6-8 years,$28.45,"$59,154","$2,000",31-40,NY,Asian,Man
4/18/2022 21:24:47,2-5 years,PT expert,0-1 years,Can$26,Cad$26000,-,21-30,Quebec,Asian,Man
4/18/2022 21:31:28,0-1 years,PT Technical Specialist,0-1 years,$20.00,"$20,800.00",$0.00,21-30,MD,Black or African American,Woman
4/18/2022 21:35:14,6-10 years,Genius Admistrator,2-5 years,$24.32,"$50,000.00","$3,000.00",21-30,GA,Black or African American,Woman
4/18/2022 21:43:05,6-10 years,FT expert,0-1 years,$27.86,"$55,000.00","$1,500.00",21-30,NY,Asian,Man
4/18/2022 21:43:26,6-10 years,Lead,0-1 years,39.12 CAD,"81,349 CAD","2,200-2,500 CAD (not 100% sure",31-40,Ontario,White,Man
4/18/2022 21:45:04,10-15 years,Creative,0-1 years,$32.00 CAD,"$66,500 CAD","$2,000 CAD ",41-50,QC,White,Man
4/18/2022 21:48:02,2-5 years,PT Tech Expert,2-5 years,$24.03,"$24,987.00","$2,000.00",21-30,VA,White,Man
4/18/2022 21:48:13,6-10 years,FT Genius,2-5 years,$27.63,"$57,500.00","$2,000.00",21-30,WA,White,Man
4/18/2022 22:03:49,6-10 years,Expert,6-8 years,$29.26,"$61,000.00","$2,000.00",41-50,NY,I choose not to disclose,I choose not to disclose
4/18/2022 22:05:59,10-15 years,Lead Genius,6-8 years,$36.52,"$75,952.00","$3,000.00",31-40,NJ,White,Man
4/18/2022 22:06:27,10-15 years,Pro,2-5 years,$33.85,"$70,396.00","$5,000.00",31-40,New York ,Asian,Woman
4/18/2022 22:07:12,6-10 years,Creative Pro,2-5 years,$25.38,"$52,700.00","$3,000.00",21-30,MD,Black or African American,Woman
4/18/2022 22:15:04,10-15 years,Creative pro,2-5 years,$34.01,"$70,000.00","$2,000.00",31-40,NY,Asian,Man
4/18/2022 22:19:22,6-10 years,FT Genius,2-5 years,$22.15,"$46,000.00",-,21-30,Wi,White,Man
4/18/2022 22:37:21,6-10 years,Software QA Engineer ,0-1 years,-,"$125,000.00","$80,000.00",21-30,New York,Hispanic or Latino or Spanish Origin of any race,Woman
4/18/2022 22:24:16,2-5 years,FT Genius Admin,2-5 years,$26.05,"$54,000.00","$1,500.00",21-30,WA,White,Man
4/18/2022 22:26:08,2-5 years,PT Specialist,2-5 years,$24.01,36k,N/a,31-40,NY,Black or African American,Man
4/18/2022 22:31:32,2-5 years,PT Technical Expert,0-1 years,$23.30,"$21,000.00",Not sure ,21-30,WA,Asian,Woman
4/18/2022 22:40:05,10-15 years,Creative Pro,0-1 years,$32.16,"$67,000.00","$2,000.00",31-40,NY,White,Woman
4/18/2022 22:40:39,2-5 years,Technical expert ,0-1 years,$24.13,"$50,189.00","$2,500.00",21-30,MA,White,Woman
4/18/2022 22:59:58,2-5 years,PT Expert,0-1 years,26$ CAD,$26000 CAD,-,21-30,Quebec,Asian,Man
4/18/2022 23:11:30,2-5 years,PT Genius Admin,2-5 years,$27.10,"$28,184.00",$0.00,31-40,NY,White,Woman
4/18/2022 23:11:42,6-10 years,Ft back of house ,2-5 years,$20.00,-,-,21-30,WA,I choose not to disclose,I choose not to disclose
4/18/2022 23:25:46,6-10 years,Genius,2-5 years,$27.37,"$56,910.00","$2,000.00",21-30,WA,Hispanic or Latino or Spanish Origin of any race,Man
4/18/2022 23:30:03,10-15 years,Creative Pro,2-5 years,$28.01,"$58,600.00","$2,000.00",31-40,TX,White,Woman
4/18/2022 23:42:20,2-5 years,Genius,2-5 years,$30.90,"$70,000.00","$2,000.00",21-30,NY,White,Woman
4/18/2022 23:45:12,2-5 years,FT Operations Specialist ,0-1 years,$20.25,"$42,120.00","$2,000.00",21-30,MI,White,Woman
4/18/2022 23:48:17,6-10 years,FT Technical Expert,2-5 years,$26.29,"$58,148.00","$2,000.00",21-30,NY,White,Man
4/18/2022 23:52:11,6-10 years,FT Expert,2-5 years,$28.00,"$58,000.00","$2,000.00",21-30,NY,Hispanic or Latino or Spanish Origin of any race,Woman
4/19/2022 0:20:19,10-15 years,Genius,2-5 years,$30.37,"$63,000.00","$2,000.00",31-40,NYC,Hispanic or Latino or Spanish Origin of any race,Woman
4/19/2022 0:04:49,2-5 years,part time operations specialist,2-5 years,$21.59,"$27,000.00",-,21-30,MN,White,Woman
4/19/2022 0:36:09,6-10 years,PT Technical Specialist ,2-5 years,$22.51,"$39,000.00","$2,500.00",21-30,FL,Black or African American,Woman
4/19/2022 0:44:04,6-10 years,Resource Operations Analyst,0-1 years,$29.00,"$560,000.00","$2,000.00",31-40,California ,Hispanic or Latino or Spanish Origin of any race,Woman
4/19/2022 0:54:52,6-10 years,Genius,2-5 years,$25.08,"$51,200.00","$1,500.00",21-30,NH,White,Man
4/19/2022 1:07:27,6-10 years,Genius,2-5 years,$26.99,"$58,240.00","$5,000.00",21-30,Wisconsin,Hispanic or Latino or Spanish Origin of any race,Transgender
4/19/2022 1:08:08,6-10 years,Creative Pro,0-1 years,37.5 CAD,72000 CAD,2000 CAD,31-40,BC,White,Man
4/19/2022 1:23:20,0-1 years,Manufacturing Quality Engineer,0-1 years,Salary*,"$130,000.00",-,21-30,CA,White,Woman
4/19/2022 1:45:17,2-5 years,FT Tech Expert ,0-1 years,$23.00,"$47,000.00","$5,000.00",31-40,GA,I choose not to disclose,I choose not to disclose
4/19/2022 1:45:46,6-10 years,FT Genius,0-1 years,$26.61,"$55,339.00","$2,500.00",21-30,WA,White,Man
4/19/2022 1:50:20,2-5 years,Genius ,2-5 years,$28.00,"$57,000.00","$2,500.00",21-30,WA,White,Man
4/19/2022 1:55:16,2-5 years,FT GENIUS,0-1 years,$28.08,-,-,21-30,Wa,Hispanic or Latino or Spanish Origin of any race,Man
4/19/2022 2:11:06,2-5 years,Business Expert,0-1 years,£14.54,"£28,750","$2,000.00",21-30,UK,Asian,Man
4/19/2022 2:21:41,10-15 years,Senior Manager,0-1 years,$52.09,"$108,347 + $75,000 in OT","$40,000.00",-,WA,I choose not to disclose,I choose not to disclose
4/19/2022 3:58:28,10-15 years,Manager,9-11 years,£24.96,"£49,531","$20,000.00",31-40,U.K. ,White,Man
4/19/2022 4:20:18,6-10 years,People Ops Planner,0-1 years,$26.00,"$54,075.00","$2,000.00",31-40,GA,White,Woman
4/19/2022 4:50:29,2-5 years,Business Pro,0-1 years,£22.5,"£41,500","£3,000",21-30,UK,White,Woman
4/19/2022 6:47:41,6-10 years,PT Genius Admin,0-1 years,$27.17,-,"$2,500.00",21-30,NY,Hispanic or Latino or Spanish Origin of any race,Man
4/19/2022 7:00:27,6-10 years,Lead,0-1 years,$33.17,"$69,000.00","$25,000.00",21-30,CA,White,Man
4/19/2022 7:03:22,6-10 years,FT Ops Specialist,2-5 years,$23.50,"$48,000.00","$1,500.00",31-40,MD,White,Transgender
4/19/2022 7:20:16,10-15 years,Business Expert,6-8 years,£13,"£26,000","$2,000.00",31-40,UK,White,Man
4/19/2022 7:36:54,6-10 years,Manager ,0-1 years,$40.80,"$85,000.00","$3,500.00",21-30,NY,Asian,Woman
4/19/2022 8:18:29,6-10 years,Pro,2-5 years,$28.76,"$59,873.00","$2,500.00",31-40,TX,White,Man
4/19/2022 8:24:43,6-10 years,Business Pro,2-5 years,£15.65,"£26,000","£2,000",21-30,UK,White,Woman
4/19/2022 8:37:22,0-1 years,Pt Specialist ,0-1 years,$20.00,"$20,000.00",N/A,21-30,TX,Asian,Woman
4/19/2022 8:48:09,2-5 years,Operations Expert,0-1 years,$24.50,"$50, 960","$2,000.00",31-40,TN,Black or African American,Man
4/19/2022 8:55:36,10-15 years,Operations Lead,0-1 years,$33.65,"$70,000.00","$3,000.00",31-40,New York,White,Man
4/19/2022 9:11:13,2-5 years,FT Specialist ,2-5 years,$20.62,"$42,948.00","$1,500.00",21-30,FL,Black or African American,Man
4/19/2022 9:32:49,10-15 years,Genius,2-5 years,Not sure ,£37064,"$2,000.00",31-40,London,Asian,Woman
4/19/2022 9:41:57,2-5 years,Specialist,2-5 years,$22.75,"$22,993.00","$3,000.00",21-30,FL,Hispanic or Latino or Spanish Origin of any race,Man
4/19/2022 9:43:12,2-5 years,PT Specialist,2-5 years,$24.00,"$26,000.00",$500.00,21-30,NY,White,Woman
4/19/2022 9:57:27,2-5 years,Technical specialist ,2-5 years,$23.53,"$46,000.00","$2,000.00",31-40,VA,Asian,Man
4/19/2022 10:01:09,10-15 years,Pt genius,9-11 years,$29.76,"$30,950.00","$2,000.00",21-30,Ma,White,Woman
4/19/2022 10:32:12,2-5 years,PT Genius Admin,2-5 years,$25.00 USD,"$26,709.00",$3500 USD,21-30,VA,White,Transgender
4/19/2022 10:50:00,6-10 years,FT Operations Specialist,2-5 years,$21.84,"$45,409.00","$1,500.00",21-30,FL,White,Man
4/19/2022 10:54:49,6-10 years,FT,6-8 years,$27.00,$56.00,"$2,500.00",21-30,US,Hispanic or Latino or Spanish Origin of any race,Woman
4/19/2022 10:54:58,6-10 years,FT,6-8 years,$27.00,$56.00,"$2,500.00",21-30,US,Hispanic or Latino or Spanish Origin of any race,Woman
4/19/2022 11:04:45,6-10 years,Genius,0-1 years,$30.38,"$63,211.00","$3,000.00",21-30,NYC,Hispanic or Latino or Spanish Origin of any race,Man
4/19/2022 11:06:20,6-10 years,FT Technical Specialist,2-5 years,$24.50,"$49,000.00","$1,500.00",21-30,FL,Hispanic or Latino or Spanish Origin of any race,Woman
4/19/2022 11:06:42,2-5 years,Specialist,2-5 years,$24.00,"$46,200.00","$1,500.00",21-30,Singapore,Asian,Woman
4/19/2022 11:06:47,6-10 years,FT Ops Expert,2-5 years,$28.44,"$59,143.00",$0.00,31-40,"New York, NY",Hispanic or Latino or Spanish Origin of any race,Woman
4/19/2022 11:09:10,2-5 years,FT Pro,2-5 years,$28.00,"$53,000.00","$1,500.00",21-30,CA,Hispanic or Latino or Spanish Origin of any race,Man
4/19/2022 11:12:45,2-5 years,Lead Genius,0-1 years,$36.88,"$76,709.00","$3,500.00",31-40,NY,Black or African American,Woman
4/19/2022 11:13:21,2-5 years,Pro,0-1 years,£18,£36000,£2000,21-30,London,White,Man
4/19/2022 11:27:55,2-5 years,PT Operations Specialist,2-5 years,$24.42,"$28,500.00","$1,800.00",21-30,NY,White,Man
4/19/2022 11:54:25,6-10 years,Operations Analyst ,0-1 years,$29.32,"$63,092.00","$2,690.00",31-40,New York,Hispanic or Latino or Spanish Origin of any race,Woman
4/19/2022 11:58:55,2-5 years,Ops specialist,2-5 years,$24.38,"$50,707.00","$1,500.00",21-30,NY,Hispanic or Latino or Spanish Origin of any race,Woman
4/19/2022 12:06:21,0-1 years,PT Ops Specialist,0-1 years,$23.00,"$23,920.00",?,31-40,NY,White,Man
4/19/2022 12:18:53,6-10 years,PT Specialist,2-5 years,$26.90,"25,000 USD","$2,500.00",51-60,Il,White,Woman
4/19/2022 12:24:39,6-10 years,FT Expert,2-5 years,28.87 CAD,"60,050 CAD","1,500 CAD",21-30,AB,White,Man
4/19/2022 12:25:43,2-5 years,PT Tech Expert,0-1 years,$22.80,"$25,000.00","$1,200.00",21-30,OK,Hispanic or Latino or Spanish Origin of any race,Woman
4/19/2022 12:30:23,2-5 years,PT Specialist,2-5 years,23.38 CAD,"24,309 CAD","1,500 USD",21-30,"British Columbia, Canada",Asian,Woman
4/19/2022 12:37:42,6-10 years,FT Genius,2-5 years,$28.80,"$58,000.00","$2,500.00",31-40,WA,I choose not to disclose,I choose not to disclose
4/19/2022 12:39:22,2-5 years,PT TS,0-1 years,£15.04,£17634,"$1,835.00",21-30,LONDON WHITE CITY,I choose not to disclose,Woman
4/19/2022 12:41:50,10-15 years,Ops Specialist,12+ years,£14.16,£27985,"$1,000.00",31-40,UK,White,Man
4/19/2022 12:42:16,2-5 years,FT Expert ,2-5 years,$26.04,"$50,000.00","$2,500.00",21-30,TX,White,Woman
4/19/2022 12:53:23,2-5 years,Tech and Merch pro,0-1 years,$29.88,"$62,131.00",$1500 USD,21-30,NY,Black or African American,Woman
4/19/2022 13:06:20,6-10 years,FT expert,2-5 years,$24.90,"$51,928.00","$2,000.00",21-30,Tx,Hispanic or Latino or Spanish Origin of any race,Man
4/19/2022 13:50:32,6-10 years,Genius,2-5 years,$28.80,"$59,000.00","$2,200.00",21-30,California,Hispanic or Latino or Spanish Origin of any race,Man
4/19/2022 14:07:29,2-5 years,Pro,2-5 years,$26.66,"$55,452.00","$3,500.00",31-40,FL,White,Woman
4/19/2022 14:33:16,2-5 years,Operations Analyst ,0-1 years,$30.30,"$63,024.00","$1,200.00",21-30,NYC,Black or African American,Woman
4/19/2022 14:35:59,10-15 years,Operations Lead,0-1 years,$35.00,"$72,000.00","$2,000.00",31-40,New york,Black or African American,Woman
4/19/2022 14:40:48,6-10 years,Ft t2,2-5 years,$24.00,"$49,762.00","$6,523.00",41-50,Florida,White,Man
4/19/2022 14:48:49,6-10 years,FT Genius,2-5 years,£15.70,£31015,"$2,000.00",21-30,"London, UK",Asian,Man
4/19/2022 14:50:34,6-10 years,Operations Lead,0-1 years,$31.00,"$64,500.00",Unsure,31-40,IL,White,Woman
4/19/2022 15:05:31,10-15 years,Operations Specialist,6-8 years,$25.96,"$26,992.00","$3,600.00",31-40,New York,Hispanic or Latino or Spanish Origin of any race,Man
4/19/2022 15:08:07,2-5 years,FT Ops Specialist ,2-5 years,$24.16,"$50,251.00","$1,500.00",21-30,NY,Hispanic or Latino or Spanish Origin of any race,Man
4/19/2022 15:20:50,2-5 years,Genius Admin,0-1 years,$26.52,"$55,143.00","$1,500.00",21-30,NY,Hispanic or Latino or Spanish Origin of any race,Woman
4/19/2022 16:16:25,10-15 years,Genius,6-8 years,$27.62,"$63,000.00","$2,000.00",41-50,Fl,White,Man
4/19/2022 16:44:13,10-15 years,Business Pro,6-8 years,$30.12,"$62,631.00","$1,500.00",31-40,MA,White,Man
4/19/2022 17:03:40,6-10 years,AHA advisor,0-1 years,$26.10,"$54,000.00","$2,000.00",31-40,NY,Hispanic or Latino or Spanish Origin of any race,Man
4/19/2022 17:16:35,2-5 years,FT Lead,0-1 years,$32.10 USD,"$66,765.00","$2,500.00",21-30,MA,Black or African American,Woman
4/19/2022 17:17:02,6-10 years,FT Operations Expert,2-5 years,$30.97,"$64,000.00","$2,500.00",21-30,CA,White,Man
4/19/2022 18:00:46,2-5 years,Silicon Validation Engineer 3,2-5 years,$0.00,"$132,000.00","$60,000.00",31-40,MA,White,Non-binary / non-conforming
4/19/2022 18:34:11,0-1 years,PT Operations Specialist ,0-1 years,$23,"$23,920",0,21-30,NY,Hispanic or Latino or Spanish Origin of any race,Woman
4/19/2022 18:53:09,6-10 years,Lead Genius ,2-5 years,38.5,"75,000",2509,31-40,NY,Hispanic or Latino or Spanish Origin of any race,Transgender
4/19/2022 19:09:22,2-5 years,FT Lead,0-1 years,$30.50,"$63,000","$2,000",21-30,California,Asian,Man
4/19/2022 19:50:27,2-5 years,PT tech specialist ,2-5 years,$23.00,"$23,000.00","$2,500.00",21-30,New york,Black or African American,Woman
4/19/2022 20:32:12,16-20 years,FT People Operations Planner ,12+ years,$33.81,"$70, 323","$2,000.00",41-50,New York,Black or African American,Woman
4/19/2022 20:42:51,2-5 years,PT Ops Specialist,2-5 years,$23.89,"$24,841.00","$1,500.00",21-30,NY,I choose not to disclose,Woman
4/19/2022 20:56:20,6-10 years,Lead genius,2-5 years,$33.16,"$69,011.00","$3,500.00",31-40,Va,White,Woman
4/19/2022 21:29:48,6-10 years,Business Expert,2-5 years,$24.00,"$46,000.00","$2,200.00",31-40,Florida,White,Man
4/19/2022 21:42:43,6-10 years,FT Genius,2-5 years,$30.57,"$62,500.00","$4,000.00",21-30,NY,White,Man
4/19/2022 22:10:19,6-10 years,Specialist (part time),6-8 years,24.59/hr,"$25,000.00",N/a,31-40,New York,Black or African American,Man
4/19/2022 22:30:48,6-10 years,Ft operations specialist ,2-5 years,US $23,"$44,160.00","$3,000.00",41-50,New York,Black or African American,Man
4/19/2022 22:43:07,2-5 years,Genius,2-5 years,$32.00,"$60,000.00","$2,000.00",21-30,CA,I choose not to disclose,I choose not to disclose
4/19/2022 22:44:34,6-10 years,Expert,2-5 years,$23.57,"$48,500.00","$2,000.00",21-30,Washington,White,Man
4/19/2022 22:59:03,10-15 years,Operations Lead,2-5 years,$34.00,"$72,000.00","$2,000.00",31-40,California ,White,Man
4/19/2022 23:02:38,10-15 years,Genius,9-11 years,$31.25,"$65,000.00","$2,000.00",31-40,California,White,Woman
4/19/2022 23:09:33,6-10 years,Support 3 Commitment Team,2-5 years,$27.67,"$57,536.00","$2,000.00",31-40,WA,White,Man
4/19/2022 23:17:44,2-5 years,PT Specialist,2-5 years,$17.00,"$16,320.00",$0.00,21-30,CA,Hispanic or Latino or Spanish Origin of any race,Man
4/19/2022 23:24:41,2-5 years,Senior Customer Service,2-5 years,$21.50,"$48,656.00","$2,300.00",31-40,Texas,White,Man
4/19/2022 23:51:40,10-15 years,Business Expert,2-5 years,$25.02,"$53,000.00","$1,500.00",31-40,Florida,Hispanic or Latino or Spanish Origin of any race,Man
4/19/2022 23:58:01,6-10 years,FT Genius,0-1 years,$30.97,"$64,425.00","$2,000.00",21-30,NYC,Hispanic or Latino or Spanish Origin of any race,Man
4/19/2022 23:58:20,0-1 years,Technical Specialist ,0-1 years,$21.00,N/A,"$22,000.00",21-30,IL,Asian,Man
4/20/2022 0:06:40,2-5 years,FT Operations Specialist,2-5 years,$21.42,"$44,500.00","$1,500.00",21-30,TN,White,Man
4/20/2022 0:34:55,6-10 years,Manager ,0-1 years,$41.00,"$90,781.00","$20,000.00",31-40,NY,Black or African American,Man
4/20/2022 0:39:40,6-10 years,Team Manager,2-5 years,$35.58,"$74,000.00","$16,000.00",41-50,NV,Black or African American,Woman
4/20/2022 0:49:49,0-1 years,PT Specialist,0-1 years,$21.00,"$25,000.00",$0.00,21-30,Chicago,Hispanic or Latino or Spanish Origin of any race,Man
4/20/2022 1:29:20,0-1 years,Operations Specialist ,0-1 years,$23.00,"$24,000.00","$2,000.00",21-30,New York,Asian,Man
4/20/2022 2:04:51,6-10 years,People Operations Planner,2-5 years,$30.52,"$63,460.00","$2,000.00",31-40,New York,Hispanic or Latino or Spanish Origin of any race,Woman
4/20/2022 4:13:30,6-10 years,PT Expert,2-5 years,£13.21,"£20,603","$1,000.00",31-40,UK,White,Man
4/20/2022 4:37:30,2-5 years,FT Specialist,2-5 years,$23.00,"$49,000.00",Unsure,21-30,CA,Hispanic or Latino or Spanish Origin of any race,Man
4/20/2022 4:56:35,2-5 years,Genius,0-1 years,$32AUD,"$63,000.00",$2000AUD,21-30,"NSW, AU",White,Woman
4/20/2022 5:47:46,2-5 years,FT Expert,0-1 years,£17.22,£34044,"$2,000.00",21-30,London,White,Man
4/20/2022 6:00:21,6-10 years,FT Genius Admin ,6-8 years,$28.91,"$60,111.00","$4,000.00",31-40,NY,Black or African American,Man
4/20/2022 7:26:26,6-10 years,PT GENIUS,6-8 years,$32.00,"$32,000.00","$3,000.00",31-40,New york,White,Woman
4/20/2022 9:01:23,6-10 years,FT Manager,9-11 years,$45.73,"$95,110.00","$12,000.00",41-50,FL,Hispanic or Latino or Spanish Origin of any race,Woman
4/20/2022 9:15:35,6-10 years,FT Expert,6-8 years,$26.12,"$54,321.00","$2,000.00",31-40,FL,Hispanic or Latino or Spanish Origin of any race,Man
4/20/2022 9:26:27,6-10 years,Lead Genius ,0-1 years,$34.00,"$71,000.00","$2,500.00",21-30,CA,Hispanic or Latino or Spanish Origin of any race,Non-binary / non-conforming
4/20/2022 9:59:17,10-15 years,Genius Admin,2-5 years,$26.62,"$55,351.00","$2,500.00",31-40,IL,White,Man
4/20/2022 10:40:53,6-10 years,Genius,2-5 years,$28.40,"$59,072.00","$2,000.00",21-30,NY,White,Man
4/20/2022 10:53:17,2-5 years,PT Expert,0-1 years,$23.38,"$36,472.00","$3,500.00",21-30,Tx,Hispanic or Latino or Spanish Origin of any race,Man
4/20/2022 11:31:58,2-5 years,FT Technical Expert,2-5 years,$22.00,"$46,128.00","$2,000.00",21-30,VA,Black or African American,Non-binary / non-conforming
4/20/2022 11:42:02,10-15 years,Manager,2-5 years,$44.24,"$91,999.00","$20,000.00",31-40,NY,Hispanic or Latino or Spanish Origin of any race,Woman
4/20/2022 12:03:59,2-5 years,Technical Specialist,2-5 years,$20.56 USD,"$42,744 USD",$500.00,31-40,FL,Hispanic or Latino or Spanish Origin of any race,Woman
4/20/2022 12:17:24,6-10 years,FT Genius,0-1 years,$27.90,"$54,000.00","$2,500.00",31-40,Ca,White,Man
4/20/2022 12:21:17,6-10 years,FT Tech and Merch Pro ,2-5 years,$27.33,"$69,000.00","$2,000.00",21-30,Il,White,Man
4/20/2022 13:05:11,2-5 years,Operations Expert ,0-1 years,$27.80,"$56,790.00","$2,400.00",21-30,NY,Black or African American,Woman
4/20/2022 13:19:42,2-5 years,PT Ops Specialist,0-1 years,$23.80,"$29,000.00","$1,500.00",21-30,NY,Hispanic or Latino or Spanish Origin of any race,Man
4/20/2022 13:21:14,6-10 years,Tech specialist,2-5 years,$21.00,28k,"$2,000.00",31-40,Fl,Hispanic or Latino or Spanish Origin of any race,Man
4/20/2022 13:29:26,2-5 years,Specialist ,2-5 years,£11.50,£23578,£1500,21-30,Watford England ,Asian,Woman
4/20/2022 13:44:12,0-1 years,PT Technical Specialist,0-1 years,$23.00,"$21,000.00",$0.00,31-40,NY,Hispanic or Latino or Spanish Origin of any race,Man
4/20/2022 13:49:15,6-10 years,Creative Pro,2-5 years,£16,"£29,000","£2,357",31-40,United Kingdom,Black or African American,Woman
4/20/2022 13:49:53,10-15 years,Pro FT,2-5 years,£16.00,£30000,"$2,000.00",31-40,England ,White,Woman
4/20/2022 14:33:51,2-5 years,FT Genius Admin,2-5 years,$23,48568,1500,21-30,TN,White,Man
4/20/2022 14:41:25,6-10 years,FT Genius,2-5 years,$31.20,"$64,885","$2,000",21-30,NY,White,Woman
4/20/2022 15:12:20,2-5 years,Sales Operations ,2-5 years,$25.59 USD,55517,1500,21-30,TX,White,Man
4/20/2022 15:54:01,2-5 years,FT Expert,2-5 years,25.02,"$45,000","2,500.00",21-30,California,Black or African American,Non-binary / non-conforming
4/20/2022 16:01:13,2-5 years,Creative Pro,0-1 years,$27.50,"$56,000","$1,500",21-30,NJ,Hispanic or Latino or Spanish Origin of any race,Woman
4/20/2022 16:19:29,2-5 years,Genius admin ,2-5 years,£14.61,£27000,N/a,21-30,"London,UK",Black or African American,Man
4/20/2022 16:23:20,6-10 years,Creative Pro,2-5 years,£16.30,"£31,148","$2,589",31-40,"London, UK",Black or African American,Woman
4/20/2022 16:28:14,6-10 years,Genius,0-1 years,28.95,60100,2500,21-30,FL ,Hispanic or Latino or Spanish Origin of any race,Woman
4/20/2022 16:35:17,2-5 years,PT Specialist,2-5 years,$26.14,"$27,480","$1,500",21-30,CA,Black or African American,Woman
4/20/2022 16:39:51,6-10 years,Operations Specialist,2-5 years,£12.10,"£24,000",£1500,31-40,United Kingdom,White,Man
4/20/2022 16:48:54,6-10 years,Genius,2-5 years,$27,"$54,000","$2,000",21-30,Massachusetts,White,Man
4/20/2022 17:12:59,2-5 years,FT Specialist ,2-5 years,$24.14,"50,205",0,31-40,New York,Black or African American,Woman
4/20/2022 17:22:25,2-5 years,Ops specialist ,2-5 years,$24.00,"$24,000",0,21-30,NY,White,Man
4/20/2022 17:28:19,6-10 years,Technical Expert,2-5 years,28,58240,"$1,500",41-50,TN,White,Man
4/20/2022 18:09:36,2-5 years,Technical Specialist,2-5 years,£13.99,"£27,000","$1,500",21-30,UK,White,Man
4/20/2022 18:10:25,6-10 years,Account Manager,2-5 years,$44.32,"$92,400","$2,000",21-30,CA,White,Man
4/20/2022 18:20:30,2-5 years,FT Genius Admin,2-5 years,24.19 CAD,"50,300 CAD",2300,21-30,Quebec,White,Man
4/20/2022 18:46:25,2-5 years,Technical Expert,0-1 years,24.85 CAD,"51,680 CAD",1000 CAD,31-40,Québec ,White,Man
4/20/2022 18:55:29,6-10 years,FT Genius,2-5 years,30.84,64128,1000,21-30,NY,Hispanic or Latino or Spanish Origin of any race,Man
4/20/2022 18:57:18,6-10 years,Genius,2-5 years,25.6,55,53.774,31-40,Tennessee,White,Woman
4/20/2022 19:15:03,2-5 years,T2 iOS advisor,2-5 years,$23.96,"$49,836","$2,400",51-60,SC,Black or African American,Woman
4/20/2022 19:48:12,2-5 years,Operations Expert,2-5 years,$30 CAD,$60000 CAD,$8000CAD,21-30,BC,Asian,Man
4/20/2022 20:03:36,10-15 years,Lead,0-1 years,$34.00,"$70,700","$2,500",31-40,CA,White,Man
4/20/2022 20:38:24,2-5 years,Technical Expert ,0-1 years,$26.57,"$52,000","$1,500",21-30,New York ,Hispanic or Latino or Spanish Origin of any race,Woman
4/20/2022 20:46:57,6-10 years,Operations Expert,2-5 years,26.15 CAD,"54,000 CAD",2000 CAD,21-30,"Ontario, Canada",White,Woman
4/20/2022 20:54:15,6-10 years,Lead Genius,0-1 years,36,"74,880","3,000",31-40,TX,White,Man
4/20/2022 20:57:23,10-15 years,PT Specialist,12+ years,$26,"32,000",n/a,31-40,NY,I choose not to disclose,Woman
4/20/2022 21:12:21,2-5 years,FT Expert,0-1 years,$25.68,"$53,413","$2,500",21-30,NY,Asian,Woman
4/20/2022 21:18:35,2-5 years,Creative Pro,2-5 years,$30.00,"$63,176","$1,864",31-40,New York,White,Man
4/20/2022 21:18:47,6-10 years,FT Genius Admin,0-1 years,$22.48,"$46,763",na,31-40,VA,White,Man
4/20/2022 21:41:29,2-5 years,FT Specialist ,2-5 years,23.78,"49,900","$2,000",21-30,Tx,Black or African American,Man
4/20/2022 21:57:59,2-5 years,Genius,0-1 years,25.45,"52,000","2,000",41-50,NY,White,Man
4/20/2022 22:20:55,2-5 years,FT expert,2-5 years,$24.90,"$51,771","$2,000",21-30,MA,White,Woman
4/20/2022 22:37:17,6-10 years,FT Manager,2-5 years,$33.41,"$69,493","$16,500",21-30,NH,White,Man
4/20/2022 22:50:42,10-15 years,Pro,0-1 years,$32.38,"$67,373",2000,31-40,NY,White,Woman
4/20/2022 23:15:14,10-15 years,Ft tech specialist ,9-11 years,$22.63,"$47,062","$1,500",41-50,Fl,White,Man
4/20/2022 23:27:44,6-10 years,PT Genius,0-1 years,28.15,"$46,841",3500,21-30,North Carolina ,White,Man
4/20/2022 23:49:18,10-15 years,Lead,2-5 years,$33.70,"$70,102","$3,000",31-40,FL,White,Man
4/21/2022 0:23:29,6-10 years,Expert,0-1 years,$24.50,"$59,000","$2,000",21-30,FL,Hispanic or Latino or Spanish Origin of any race,Man
4/21/2022 0:43:15,6-10 years,Genius ,2-5 years,$27,"$56,000","$1,000",31-40,CT,Hispanic or Latino or Spanish Origin of any race,Man
4/21/2022 1:21:20,0-1 years,PZ Specialist,0-1 years,21,"15,000",0.25,21-30,Ca,Hispanic or Latino or Spanish Origin of any race,Woman
4/21/2022 2:02:06,2-5 years,Specialist,2-5 years,€12.41,"€27,232",0,21-30,The Netherlands,White,Man
4/21/2022 2:14:25,2-5 years,PT Tech Specialist,0-1 years,AUD 29.36,"AUD 29,009","$2,500",21-30,NSW in Australia,I choose not to disclose,Woman
4/21/2022 2:18:33,2-5 years,Technical Expert,2-5 years,24.5 USD,"51,500",1200 USD,31-40,Florida,White,Man
4/21/2022 2:44:26,10-15 years,Pro,2-5 years,£15,33000,£2000,31-40,United Kingdom,White,Man
4/21/2022 3:03:09,10-15 years,Genius ,9-11 years,$32,"$67,572","$3,000",31-40,Ca,I choose not to disclose,I choose not to disclose
4/21/2022 3:44:31,10-15 years,Service voice for AOS,2-5 years,24,"53,000","$1,500",51-60,CA,Black or African American,Man
4/21/2022 4:06:05,2-5 years,Specialist,2-5 years,£15,£29229,£1500,41-50,NA,I choose not to disclose,Non-binary / non-conforming
4/21/2022 4:40:14,6-10 years,Genius Admin,2-5 years,NA,"€29,500",Sep 2021 €2000,31-40,Spain,White,Man
4/21/2022 6:44:10,2-5 years,(Left Feb 2021) was tech expert,0-1 years,$28.20,"$39,000","$1,500",21-30,queensland - Australia ,White,Woman
4/21/2022 7:11:15,10-15 years,PT Specialist,6-8 years,22000,"~44,000",1500,31-40,RI,White,Man
4/21/2022 7:33:42,6-10 years,Tech and merch pro,2-5 years,$31.00,-,-,31-40,NY,I choose not to disclose,I choose not to disclose
4/21/2022 7:47:24,2-5 years,FT Creative,2-5 years,33,$63000 CAD,"$2,000",31-40,ON,Hispanic or Latino or Spanish Origin of any race,Man
4/21/2022 8:40:23,2-5 years,AppleCare senior advisor ,0-1 years,24,"50,365.00","3,500",21-30,tx,Black or African American,Woman
4/21/2022 8:58:53,2-5 years,Lead Genius,2-5 years,$28.76,"$60,000",2000,31-40,KY,White,Man
4/21/2022 9:04:25,2-5 years,Technical Expert,0-1 years,£16.60,£2500,"$1,500",21-30,UK,White,Man
4/21/2022 9:05:56,6-10 years,Genius,0-1 years,£18.11,£35498,"$2,000",21-30,"London, United Kingdom",White,Man
4/21/2022 9:10:31,2-5 years,FT Tech Expert,2-5 years,24,"$49,500","$2,000",21-30,NC,Hispanic or Latino or Spanish Origin of any race,Man
4/21/2022 9:17:31,6-10 years,Genius Admin,2-5 years,$25.50,"$51,000","2,000",21-30,NY,White,Woman
4/21/2022 9:25:19,10-15 years,FT Genius Admin,0-1 years,$29,"$60,000","$2,500",31-40,CA,I choose not to disclose,Man
4/21/2022 9:35:52,2-5 years,FT Genius Admin,0-1 years,$23.11,"$48,000","$2,000",21-30,IN,Hispanic or Latino or Spanish Origin of any race,Man
4/21/2022 9:41:22,6-10 years,FT operations specialist ,2-5 years,24.03 CAD,"49,966 CAD","$1,500",31-40,Alberta,I choose not to disclose,Non-binary / non-conforming
4/21/2022 9:42:29,2-5 years,FT creative,2-5 years,$24.43,"52,714","$2,000",21-30,MD,Hispanic or Latino or Spanish Origin of any race,Woman
4/21/2022 9:46:25,6-10 years,FT Tech Expert (former/quit),2-5 years,24.5,~50k,"$3,000",21-30,CA,White,Man
4/21/2022 9:47:44,6-10 years,Genius,2-5 years,27,"57,000","3,000",31-40,IL,Hispanic or Latino or Spanish Origin of any race,Woman
4/21/2022 9:50:22,2-5 years,technical expert ,0-1 years,$26.08,"$54,000","$1,500",21-30,NJ,White,Man
4/21/2022 9:50:41,6-10 years,FT Specialist ,9-11 years,$22.92,"47,470",1500,51-60,PA,White,Woman
4/21/2022 10:06:39,2-5 years,FT Specialist,2-5 years,$21.96,"$46,000","$1,600",21-30,MD,White,Man
4/21/2022 10:16:51,2-5 years,Technical Specialist ,2-5 years,£11.84,"£23,392","$1,000",18-20,"Watford, UK",White,Man
4/21/2022 10:19:35,10-15 years,Lead Genius,2-5 years,31.14,"$77,500",3000,31-40,NH,White,Man
4/21/2022 10:41:46,10-15 years,FT Pro,2-5 years,CAD$34.14,"CAD71,007",CAD$2000,31-40,Ontario,White,Woman
4/21/2022 10:58:39,6-10 years,FT EXPERT,2-5 years,/,"€34,400","$2,500",31-40,Italy,White,Man
4/21/2022 11:00:33,2-5 years,Lead Genius,2-5 years,$34,"$72,000","$3,000",21-30,Maryland,Native Hawaiian or Other Pacific Islander,Man
4/21/2022 11:13:10,2-5 years,Genius,0-1 years,£14.42,"£28,500","$1,500",21-30,UK,White,Woman
4/21/2022 11:59:46,2-5 years,PT Genius,0-1 years,$25.80,"$38,000","$3,000",31-40,CA,Hispanic or Latino or Spanish Origin of any race,Man
4/21/2022 12:05:52,2-5 years,Lead Genius,2-5 years,35.03,"$72,846","$3,578",31-40,CA,White,Man
4/21/2022 12:07:05,6-10 years,Tech Expert,2-5 years,$24.69,"51,355.20",2000,21-30,Fl,White,Man
4/21/2022 12:25:07,10-15 years,Business Pro,2-5 years,£16.75,"£33,000","$2,000",41-50,UK,White,Woman
4/21/2022 12:29:36,6-10 years,Support experience leader,2-5 years,39,82,10000,31-40,Texas ,Hispanic or Latino or Spanish Origin of any race,Man
4/21/2022 12:37:00,6-10 years,FT Expert,6-8 years,$27.50,"$57,200","$3,000",41-50,FL,White,Man
4/21/2022 12:42:30,6-10 years,Genius,6-8 years,"21,09€","40,500€","2,000€",31-40,Germany,White,Man
4/21/2022 12:44:04,2-5 years,FT Specialist ,2-5 years,£13.60,28325,"$1,800",21-30,"London, United Kingdom",White,Man
4/21/2022 12:48:41,2-5 years,FT Expert,2-5 years,£16.70,£32997,£900,21-30,UK,White,Man
4/21/2022 13:00:04,2-5 years,Technical Specialist,0-1 years,£13.95,£17406,£1000,21-30,"London, UK",White,Woman
4/21/2022 13:12:22,2-5 years,Expert,2-5 years,24,52,2200,21-30,Fl,Black or African American,Man
4/21/2022 13:25:38,2-5 years,Genius ,0-1 years,30.25 CAD,"62,920 CAD",2000,21-30,Ontario,I choose not to disclose,I choose not to disclose
4/21/2022 13:37:01,2-5 years,Genius Admin,0-1 years,$22.40 CAD,"$47,030","$1,500",21-30,"QC, Canada",Black or African American,Woman
4/21/2022 13:44:44,2-5 years,People Ops Planner,2-5 years,26.30 CAD,"55,542 CAD",2000 CAD,21-30,"Quebec, CA",Black or African American,Woman
4/21/2022 13:58:52,6-10 years,Genius,2-5 years,£15.46,"£29,172",£1000,31-40,UK,White,Woman
4/21/2022 14:04:22,6-10 years,Operations Lead,2-5 years,£18.93,"£37,406","$3,500",21-30,UK (non LDN),White,Woman
4/21/2022 14:10:22,6-10 years,Online Personal Sessions,0-1 years,$23.50,$48k,"$2,353.26",51-60,FL,I choose not to disclose,Man
4/21/2022 14:18:07,2-5 years,FT technical expert,2-5 years,$26.64,"$56,560","$2,500",21-30,CA,White,Man
4/21/2022 14:22:42,2-5 years,Technology and Merchandising Pro ,0-1 years,$25.00,"$55,000","$2,500",21-30,CO,White,Man
4/21/2022 14:46:13,2-5 years,PT Genius,0-1 years,$29.62/hour,"$30,000","$2,000",21-30,NY,Asian,Woman
4/21/2022 14:46:29,10-15 years,FT Genius,2-5 years,$28.40,"$59,062","2,000",31-40,FL,White,Woman
4/21/2022 14:53:57,2-5 years,FT Expert,2-5 years,£16.90,33000,2500,31-40,UK,White,Man
4/21/2022 15:18:52,2-5 years,FT Genius,0-1 years,$29.01,"$60,200","$2,000",21-30,NYC,Asian,I choose not to disclose
4/21/2022 16:00:07,2-5 years,FT Expert,0-1 years,$25,51000,2500,21-30,Michigan,Black or African American,Man
4/21/2022 16:14:48,2-5 years,Operations expert,0-1 years,27,"56,177",2000,21-30,NY,White,Man
4/21/2022 16:40:48,2-5 years,Pro,0-1 years,$27.54,"$55,700","$2,500",21-30,FL,Hispanic or Latino or Spanish Origin of any race,Woman
4/21/2022 17:32:13,0-1 years,FT specialist ,0-1 years,$22,"$48,000",$0,21-30,Iowa,White,Man
4/21/2022 17:47:19,6-10 years,FT Expert,2-5 years,Not sure,£34.500,£1500,21-30,London UK,Hispanic or Latino or Spanish Origin of any race,Man
4/21/2022 17:58:47,0-1 years,PT Technical Specialist,0-1 years,$21.00,"$21,840",$0,21-30,WA,White,Man
4/21/2022 17:59:54,2-5 years,Pt expert,0-1 years,23$/hr,24000,Unknown ,21-30,MI,White,Man
4/21/2022 18:04:59,10-15 years,Manager,2-5 years,48.35,"$96,700","$20,000",31-40,NY,Black or African American,Man
4/21/2022 18:48:41,6-10 years,T2 Technical Support AHA,6-8 years,$22.90,46716,2000,21-30,AZ,White,Man
4/21/2022 19:05:25,2-5 years,Genius,0-1 years,$27.40,57000,2000,21-30,North Carolina,White,Man
4/21/2022 19:06:39,6-10 years,PT Technical Expert,6-8 years,$26.51,"$27,566","$1,000",31-40,IL,White,Woman
4/21/2022 19:18:39,2-5 years,Technical Expert FT,2-5 years,$22.00 USD,"$42,000 USD","$1,500 USD",21-30,FL,White,Woman
4/21/2022 19:39:58,2-5 years,Technical Expert,2-5 years,$24.00,"$24,000","$6,500",21-30,Georgia,Black or African American,Woman
4/21/2022 19:50:59,6-10 years,Lead Genius,2-5 years,Na,£45160,"$3,000",21-30,London,White,Man
4/21/2022 20:00:35,10-15 years,Pro,2-5 years,$24.84,"$51,677","$2,000",31-40,NY,White,Man
4/21/2022 20:08:49,6-10 years,Machine Learning Engineer 5 (@corporate),6-8 years,Not paid hourly. I am a full time employee,"$229,000","$100,000",51-60,CA,White,Man
4/21/2022 20:20:16,6-10 years,Lead,2-5 years,33,69000,5000,31-40,NSW australia,White,Man
4/21/2022 20:27:04,0-1 years,PT Specialist,0-1 years,$21,"$21,700",0,18-20,IL,White,Man
4/21/2022 20:36:49,2-5 years,FT Ops Specialist,0-1 years,$21.25,"$44,200","$1,500",21-30,VA,White,Woman
4/21/2022 21:02:57,6-10 years,FT Genius,0-1 years,$25.50,"$53,000","$3,000",21-30,UT,White,Man
4/21/2022 21:03:17,6-10 years,Lead Genius,2-5 years,31.73,63460,3000,31-40,CA,White,Man
4/21/2022 21:04:59,2-5 years,Pro,0-1 years,24.62,"52,364",1500,21-30,UT,Hispanic or Latino or Spanish Origin of any race,Woman
4/21/2022 21:47:11,2-5 years,FT GENIUS,2-5 years,$27.29 US,"$56,772","$3,500 US",21-30,US,Hispanic or Latino or Spanish Origin of any race,Woman
4/21/2022 23:28:54,6-10 years,FT Technical Expert,2-5 years,13.23 GBP,"26,150 GBP","2,000 USD",31-40,UK (outside London),White,Man
4/21/2022 21:57:17,2-5 years,Genius,0-1 years,$31.65,"$65,832","$2,000",21-30,CA,White,Woman
4/21/2022 22:14:43,10-15 years,FT Genius,6-8 years,$28.50,"$60,000","$3,000",41-50,Chicago,White,Man
4/21/2022 22:24:13,2-5 years,FT Pro,0-1 years,27.25,"61,000",1500,21-30,Florida,Hispanic or Latino or Spanish Origin of any race,Man
4/21/2022 22:34:39,2-5 years,Genius,0-1 years,28.51,29900,2000,21-30,CA,Asian,Man
4/21/2022 23:02:54,2-5 years,genius,0-1 years,$26.75,"$52,000","$2,000",21-30,FL,White,Woman
4/21/2022 23:10:26,2-5 years,Specialist ,2-5 years,$21.80,"$42,000","$1,000",21-30,Chicago,Hispanic or Latino or Spanish Origin of any race,Woman
4/21/2022 23:22:36,6-10 years,Senior specialist ,2-5 years,$27,"$58,000","$2,000",31-40,OR,I choose not to disclose,Woman
4/21/2022 23:43:28,10-15 years,FT Genius Admin,2-5 years,$26.52,"$55,000","$3,000",31-40,AL,White,Man
4/21/2022 23:44:31,2-5 years,Business Expert,0-1 years,$29.75,"61,000","1,500",21-30,CA,Hispanic or Latino or Spanish Origin of any race,Woman
4/21/2022 23:48:09,2-5 years,Genius,2-5 years,32.5,"67,770","2,000",21-30,California,White,Man
4/21/2022 23:48:28,6-10 years,FT Pro,2-5 years,$25,52000,"$2,000",21-30,OH,White,Man
4/22/2022 0:22:52,6-10 years,Network Engineer,2-5 years,$36.93,"$76,818","$3,000.00",31-40,CA,White,Man
4/22/2022 0:30:23,2-5 years,PT Technical Expert,0-1 years,25.25,"36,000",1500,21-30,CA,Hispanic or Latino or Spanish Origin of any race,Woman
4/22/2022 1:33:04,2-5 years,PT Technical Specialist,2-5 years,21.49,"$22,400","$1,500",21-30,OR,White,Man
4/22/2022 1:37:29,2-5 years,FT creative Pro,0-1 years,$23.56,0,0,21-30,MO,Hispanic or Latino or Spanish Origin of any race,Woman
4/22/2022 2:01:02,6-10 years,Technology and Merchandising Pro,2-5 years,29.15,"61,000","$3,500",31-40,CA,Hispanic or Latino or Spanish Origin of any race,Woman
4/22/2022 3:42:10,6-10 years,PT Technical  Expert,2-5 years,$26.00,"$30,000","$2,200",31-40,NV,Hispanic or Latino or Spanish Origin of any race,Man
4/22/2022 3:47:34,6-10 years,FT Tech and Merch Pro,2-5 years,23.40$,"52,000$","1,500$",31-40,NA,White,Man
4/22/2022 5:23:40,2-5 years,PT Ops Specialist,0-1 years,24.50CAD,"24,500 CAD","$3,000",21-30,ON,Asian,Woman
4/22/2022 6:15:06,6-10 years,Operations Lead,2-5 years,€24,"€43,577","$3,000",31-40,Europe,White,Man
4/22/2022 7:05:30,6-10 years,PT Technical Specialist,6-8 years,$23.00,"$24,440",$0,21-30,NY,Asian,Man
4/22/2022 7:06:12,2-5 years,Technical Specialist ,0-1 years,£12.15,"£18,000","£1,200",31-40,Manchester,Asian,Woman
4/22/2022 7:54:20,6-10 years,FT Genius,2-5 years,$27.92,"$58,052","$2,000",31-40,IL,White,Man
4/22/2022 8:13:05,6-10 years,Genius,6-8 years,24.4,50741,2000,31-40,AR,White,Man
4/22/2022 8:41:24,10-15 years,Process Analyst,0-1 years,-,"$89,000","$3,000",31-40,TX,White,Man
4/22/2022 9:05:29,2-5 years,Pro,0-1 years,$29.17,"60,675","$1,500",41-50,WA,White,Woman
4/22/2022 9:16:39,2-5 years,Technical Specialist,0-1 years,$26.50,"$55,120","$1,500",31-40,Oregon,White,Man
4/22/2022 9:43:26,2-5 years,Genius admin,0-1 years,23.8,"38,000",1500,21-30,Pennsylvania ,Hispanic or Latino or Spanish Origin of any race,Non-binary / non-conforming
4/22/2022 10:13:07,2-5 years,Lead,2-5 years,$31.51,"$65,540.00","$3,000",21-30,IN,Hispanic or Latino or Spanish Origin of any race,Man
4/22/2022 10:43:22,2-5 years,Lead,2-5 years,29,"60,000",2500,21-30,NH,White,Man
4/22/2022 10:43:46,6-10 years,Ops Expert,2-5 years,$30.00 USD,"$62,000.00 USD","$4,000.00 USD",21-30,CA,White,Man
4/22/2022 10:45:31,6-10 years,FT Admin ,2-5 years,24.42,"50,801","2,000",21-30,NC,White,Woman
4/22/2022 10:47:36,2-5 years,FT Technology & Merchandising Pro,0-1 years,26.5,55120,2500,31-40,MD,I choose not to disclose,I choose not to disclose
4/22/2022 10:47:42,6-10 years,FT Technical Expert,2-5 years,$26.83,"$55,804","$2,000",31-40,FL,Hispanic or Latino or Spanish Origin of any race,Man
4/22/2022 10:54:24,0-1 years,FT People Operations Planner,0-1 years,$25.50,"$53,049",N/a,21-30,VA,Hispanic or Latino or Spanish Origin of any race,Woman
4/22/2022 10:57:08,2-5 years,genius admin,2-5 years,$29.73,"60,000","$2,500",21-30,Ca,White,Woman
4/22/2022 11:02:52,10-15 years,Business Expert ,2-5 years,$27,"$56,160","$1,000",31-40,DC,Black or African American,Man
4/22/2022 11:07:30,10-15 years,Genius,6-8 years,29.34 USD,"61,020 USD","2,000 USD",31-40,VA,Black or African American,Man
4/22/2022 11:27:33,2-5 years,Pro,2-5 years,$23.00,"48,000","3,000",31-40,MD,I choose not to disclose,Woman
4/22/2022 11:28:28,0-1 years,FT Specialist ,0-1 years,$20.00,"$41,599",N/A,21-30,CT,Black or African American,Woman
4/22/2022 11:40:39,10-15 years,FT Product Zone Specialist,2-5 years,$22.99,47820,"$1,500",31-40,AZ,White,Woman
4/22/2022 11:43:45,10-15 years,Genius,12+ years,$32.50,"75,000","$2,000",31-40,MD,White,Man
4/22/2022 11:50:16,2-5 years,PT Genius Admin,2-5 years,$22,"$36,000",2000,21-30,WI,White,Woman
4/22/2022 11:52:28,2-5 years,Genius Admin,0-1 years,$25.38,"$52,788","$1,817.64",21-30,VA,Black or African American,Woman
4/22/2022 11:55:35,6-10 years,Technical Specialist ,2-5 years,24,49976,3500,31-40,WI,I choose not to disclose,I choose not to disclose
4/22/2022 11:56:19,10-15 years,Genius Admin,6-8 years,$26.37,"$54,850","$2,300",31-40,VA,Black or African American,Man
4/22/2022 12:04:43,6-10 years,PT specialist ,6-8 years,22,Not sure ,1500,31-40,Va,Black or African American,Woman
4/22/2022 12:07:13,2-5 years,Tech expert ,0-1 years,25.13,"52,000",2000,21-30,Virginia ,Black or African American,Man
4/22/2022 12:08:14,2-5 years,Tech expert,0-1 years,25.13,"52,000 USD",N/A,21-30,Virginia,Black or African American,Man
4/22/2022 12:14:07,6-10 years,Lead,9-11 years,$24,IDK,"$4,500",21-30,CA,I choose not to disclose,I choose not to disclose
4/22/2022 12:17:28,2-5 years,PT Specialist ,2-5 years,$22.00,39000,"$2,000",21-30,Washington DC,Black or African American,Man
4/22/2022 12:23:39,10-15 years,FT Genius,9-11 years,32,"66,500",2000,31-40,MD,I choose not to disclose,I choose not to disclose
4/22/2022 12:26:30,2-5 years,Genius,2-5 years,29,59110,Don’t know ,31-40,Va,Black or African American,Man
4/22/2022 12:41:29,10-15 years,AppleCare Senior Specialist,2-5 years,$26.31,"$54,707","$2,000",31-40,FL,White,Woman
4/22/2022 12:54:52,2-5 years,PT Specialist,2-5 years,21.01/hr,"33,000",N/A,21-30,NJ,Black or African American,Woman
4/22/2022 13:03:05,2-5 years,FT Lead Genius,2-5 years,33.4,69470,3000,21-30,oh,White,Man
4/22/2022 13:28:07,2-5 years,PT Operations Specialist,2-5 years,$21.03,"$21,871","$1,000",21-30,PA,White,Woman
4/22/2022 13:35:40,6-10 years,Business Support,2-5 years,24,50000,2000,31-40,TX,I choose not to disclose,Woman
4/22/2022 14:01:56,6-10 years,Genius,6-8 years,Bad at Maths 🧮 ,"£37,000","$2,000",31-40,UK,Black or African American,Man
4/22/2022 14:07:50,10-15 years,FT Genius,2-5 years,31.76,"$66,051.00","$2,000",31-40,NY,White,Man
4/22/2022 14:08:12,0-1 years,PT Specialist,0-1 years,£13.50,"£14,040",N/A,21-30,London! ,Hispanic or Latino or Spanish Origin of any race,Woman
4/22/2022 14:27:15,2-5 years,Lead,0-1 years,$37,$78,"$3,000",21-30,Ny,White,Woman
4/22/2022 14:37:53,6-10 years,Lead Genius,0-1 years,$34.15,"$71,030","$2,000",31-40,FL,Hispanic or Latino or Spanish Origin of any race,Woman
4/22/2022 14:50:20,10-15 years,Genius,9-11 years,$28.91,"$60,020","$2,000",31-40,IL,Hispanic or Latino or Spanish Origin of any race,Woman
4/22/2022 16:05:20,6-10 years,FT Technology & Merchandising Pro,2-5 years,£16.33,"£32,275","$2,000",21-30,United Kingdom,White,Man
4/22/2022 16:07:16,10-15 years,Genius,6-8 years,$29.52,"$61,401","$2,000",31-40,VA,White,Man
4/22/2022 16:13:06,2-5 years,FT Tech Expert,0-1 years,$24.53,"$47,100","$1,500",21-30,VA,Black or African American,Man
4/22/2022 16:54:40,6-10 years,Genius Admin,2-5 years,$24,"$25,025","$2,000",31-40,FL,Hispanic or Latino or Spanish Origin of any race,Non-binary / non-conforming
4/22/2022 17:20:40,2-5 years,FT Creative Pro,0-1 years,£15.16,£29950,"$2,000",31-40,United Kingdom,White,Man
4/22/2022 17:23:58,6-10 years,Genius,2-5 years,$30.24,"$63,000","$1,768",21-30,NY,Hispanic or Latino or Spanish Origin of any race,Woman
4/22/2022 17:30:04,10-15 years,FT Technical Expert,2-5 years,29.58,"$61,500","$2,400",31-40,NY,Black or African American,Woman
4/22/2022 17:53:59,2-5 years,Operations Specialist ,2-5 years,$23.50,"$24,439","$1,784.53",21-30,CA,Hispanic or Latino or Spanish Origin of any race,Man
4/22/2022 18:04:06,2-5 years,FT Genius,0-1 years,$27.50,"$57,000~","$2,000",21-30,WA,White,Woman
4/22/2022 18:38:34,2-5 years,Genius,2-5 years,27.71,"57,700",?,31-40,WA,White,Man
4/22/2022 19:14:44,2-5 years,FT Business Expert,0-1 years,$24.47,"$52,500","$1,500",21-30,IL,White,Man
4/22/2022 19:28:37,6-10 years,FT People Operations Planner,0-1 years,$32.00 AUD,"$38,264AUD",$2000AUD,31-40,New South Wales - Australia,White,Woman
4/22/2022 19:30:00,6-10 years,FT genius ,2-5 years,$35.00 AUD,$69000 AUD,$2000 USD,31-40,NSW AUSTRALIA,I choose not to disclose,I choose not to disclose
4/22/2022 19:33:38,2-5 years,GB expert,0-1 years,Not sure,"23,098€",No rsu grant,21-30,France,White,Man
4/22/2022 19:36:33,6-10 years,Creative Pro,12+ years,$29.00,"$61,000","$2,000",31-40,NC,White,Man
4/22/2022 19:40:14,2-5 years,FT Genius Admin,0-1 years,23.05,"$48,000","$1,200",21-30,Texas,White,Man
4/22/2022 19:45:00,2-5 years,PT Technical Specialist ,0-1 years,$23.90,"$36,000","$1,500",21-30,NY,Hispanic or Latino or Spanish Origin of any race,Man
4/22/2022 19:48:07,6-10 years,FT Genius Admin,0-1 years,AUD $31.06,"AUD $61,357","AUD $3,138",21-30,"NSW, Australia ",White,Man
4/22/2022 20:12:31,16-20 years,Lead Genius,9-11 years,39.4,81941,3000,31-40,Massachusetts ,White,Man
4/22/2022 20:20:59,2-5 years,Genius,0-1 years,$26,"$54,079","$2,000",31-40,FL,Black or African American,Woman
4/22/2022 21:16:58,10-15 years,FT Ops Specialist,6-8 years,USD $26.97,"USD $56,090","USD $1,500",41-50,CA,Hispanic or Latino or Spanish Origin of any race,Man
4/22/2022 22:14:16,2-5 years,FT Operations Specialist,0-1 years,$21.76,"$45,240","$1,500",31-40,MD,White,Man
4/22/2022 22:20:26,2-5 years,Expert,0-1 years,22.93,22.91,"47,648",21-30,New York ,Black or African American,Woman
4/22/2022 22:43:15,6-10 years,Genuis,6-8 years,$27,"$58,000","$2,000",21-30,FL,Asian,Man
4/22/2022 22:45:08,10-15 years,Genius,6-8 years,27.4,"57,174","2,000",31-40,FL,Hispanic or Latino or Spanish Origin of any race,Man
4/22/2022 22:49:13,2-5 years,Creative,0-1 years,24.89 CAD,"$25,873 CAD","1,500$",21-30,Quebec,Hispanic or Latino or Spanish Origin of any race,Woman
4/22/2022 22:53:14,2-5 years,FT EXPERT,2-5 years,$21.65,"$45,000","$2,000",21-30,Texas,Hispanic or Latino or Spanish Origin of any race,Woman
4/22/2022 22:56:29,2-5 years,Genius,0-1 years,$27.90,"$58,032","$2,500",21-30,NY,I choose not to disclose,Man
4/22/2022 23:17:10,2-5 years,FT Operations Specialist,2-5 years,23.42,"$48,000","$2,500",31-40,CA,White,Woman
4/23/2022 0:08:54,10-15 years,FT Genius,9-11 years,27.89,"$58,000","$2,000",31-40,Florida,White,Non-binary / non-conforming
4/23/2022 0:26:03,2-5 years,PT Tech Expert,2-5 years,$23.73,23.73,"30,000",21-30,WA,Hispanic or Latino or Spanish Origin of any race,Woman
4/23/2022 0:40:45,2-5 years,Technical Specialist ,0-1 years,$22.40,"$30,000","$4,806",21-30,Fl,I choose not to disclose,Woman
4/23/2022 1:22:43,6-10 years,FT Pro,6-8 years,$25.25,"53,000",2500,31-40,Fl,White,Man
4/23/2022 2:58:08,2-5 years,FT Expert,0-1 years,$24.22,"$50,373","$1,500",21-30,WA,Asian,Man
4/23/2022 4:01:46,2-5 years,PT Expert,0-1 years,24.78,25780,"$1,500",21-30,CA,White,Man
4/23/2022 5:15:24,2-5 years,FT Operations Specialist,2-5 years,US$24.74,"US$51,465",I do not know. ,31-40,NY,White,Man
4/23/2022 6:57:39,6-10 years,IS&T Helpline Analyst,2-5 years,27.5,59800,2000,21-30,CA,White,Man
4/23/2022 9:25:05,0-1 years,FT Tech Specialist,0-1 years,$20.00,"$41,599",Did not receive. ,21-30,OK,White,Man
4/23/2022 9:26:39,16-20 years,Senior customer service ,0-1 years,$25.28,"$52,572","$2,000",41-50,MI,White,Woman
4/23/2022 13:35:24,2-5 years,FT Expert,2-5 years,$24.08,"46,000- $48,000 with overtime",2000,21-30,MA,White,Woman
4/23/2022 13:39:20,2-5 years,Genius Admin,0-1 years,$29,"$52,000","$2,500",21-30,CA,White,Woman
4/23/2022 14:05:36,2-5 years,Genius,2-5 years,$28.40,"$59,000ish","$2,000",21-30,CO,White,Transgender
4/23/2022 14:41:38,2-5 years,PT Specialist,2-5 years,$23.20,"$25,000","$1,500",21-30,NY,White,Man
4/23/2022 15:39:45,2-5 years,PT Technical Expert,2-5 years,25.74,"48,000",3000,21-30,WA,White,Man
4/23/2022 17:08:21,2-5 years,PT TE,2-5 years,$29.50 AUD,"$35,000 AUD",$2000 US,21-30,QUEENSLAND Australia,White,Man
4/23/2022 17:09:07,6-10 years,Manager,6-8 years,45.19,94000,"17,000",31-40,PA,White,Man
4/23/2022 18:07:46,2-5 years,FT Specialist ,2-5 years,$23.50,"$49,000","15,000",21-30,NY,Black or African American,Woman
4/23/2022 18:16:56,10-15 years,Tech Expert,2-5 years,$27,"$56,000","$2,000",31-40,WI,White,Man
4/23/2022 19:31:44,6-10 years,FT Specialist ,2-5 years,23,"47,550","1,500",21-30,US,Hispanic or Latino or Spanish Origin of any race,Man
4/23/2022 19:33:09,2-5 years,Sales specialist ,2-5 years,20,"22,000",1000,21-30,California,Hispanic or Latino or Spanish Origin of any race,Woman
4/23/2022 19:45:17,10-15 years,PT technical specialist,9-11 years,$23,"$23,000","$1,500",51-60,CA,White,Woman
4/23/2022 19:53:58,10-15 years,Business & Education Senior Advisor,2-5 years,$28.64,"$59,562","$2,000",41-50,TX,White,Man
4/23/2022 20:05:56,2-5 years,Genius ,2-5 years,$26.12,"$54,314",6523,21-30,PA,White,Man
4/23/2022 21:35:32,6-10 years,Service 3,0-1 years,26,"54,000","2,000",21-30,TX,White,Woman
4/23/2022 22:18:04,6-10 years,PT Specialist,6-8 years,$24.71,"$25,694","$1,500",41-50,NY,White,Woman
4/23/2022 23:49:37,2-5 years,specialist,2-5 years,25 CAD,"38,000 CAD",$500 CAD,31-40,ON,White,Man
4/24/2022 0:27:23,2-5 years,PT technical expert,0-1 years,24.60 CAD,"24,600 CAD",2500 CAD,21-30,Quebec,White,Woman
4/24/2022 0:37:52,2-5 years,Operations Lead ,2-5 years,$46.25,"$96,200","$3,000",31-40,Canada,I choose not to disclose,I choose not to disclose
4/24/2022 2:40:53,6-10 years,FT Genius,0-1 years,$25.63,"$53,000","$2,500",21-30,OH,White,Man
4/24/2022 7:04:48,6-10 years,Genius,2-5 years,$23.75,"$49,400","$2,500",21-30,MI,White,Man
4/24/2022 12:02:23,0-1 years,"PT Specialist, (",0-1 years,$21 USD,N/a,N-a,21-30,VA,Asian,Man
4/24/2022 12:57:56,2-5 years,GA,0-1 years,23.12,"45,000",unsure,21-30,Mi,White,Woman
4/24/2022 13:30:22,2-5 years,Genius,0-1 years,29.01,52000,"1,500",21-30,NY,Black or African American,Woman
4/24/2022 14:04:41,10-15 years,Genius,2-5 years,Unknown ,"38,680",£2000,31-40,London-UK,I choose not to disclose,Man
4/24/2022 14:44:15,10-15 years,Genius,0-1 years,£18.77,£22.686,"$2,000",31-40,London,White,Woman
4/24/2022 15:03:33,10-15 years,PT Genius,0-1 years,£18.77,"£22,686","$2,000",31-40,"London, UK",White,Woman
4/24/2022 15:17:41,10-15 years,Manager,6-8 years,41,"86,000","16,000",31-40,CA,Hispanic or Latino or Spanish Origin of any race,Woman
4/24/2022 15:24:37,6-10 years,FT Genius,9-11 years,£20.00,£39526,"$2,000",41-50,Central London/UK,Hispanic or Latino or Spanish Origin of any race,Man
4/24/2022 18:32:34,0-1 years,Specialist ,0-1 years,£11.57,12000,Na ,21-30,Uk,White,Man
4/24/2022 19:55:45,2-5 years,Full time expert,0-1 years,$25,"$48,000","$1,500",31-40,CA,Hispanic or Latino or Spanish Origin of any race,Man
4/25/2022 0:30:48,2-5 years,Operations Lead,2-5 years,AUD$40.29,"AUD$79,600","USD$3,000",21-30,"NSW, Australia",White,Woman
4/25/2022 0:36:01,2-5 years,FT Ops Specialist,0-1 years,$25.19 AUD,$49755 AUD,Unsure,21-30,NSW AUS,White,Non-binary / non-conforming
4/25/2022 0:39:10,6-10 years,FT People Operations Planner,0-1 years,$32.00AUD,"$68,286AUD",$2000AUD,31-40,"Sydney NSW, Australia",White,Woman
4/25/2022 1:00:13,2-5 years,PT Technical Expert,0-1 years,¥2640 JPY,"¥2,640,000 JPY","$1,500",21-30,Japan,White,Man
4/25/2022 4:49:55,2-5 years,Technical Expert,2-5 years,€15.50,€33.00,"€1,500",21-30,-,White,Man
4/25/2022 7:47:23,6-10 years,Creative,2-5 years,£14.25,£28166,"$2,300",31-40,UK,White,I choose not to disclose
4/25/2022 8:37:10,2-5 years,FT Business Expert,0-1 years,£15.9,£31500,1500,21-30,United Kingdom,White,Man
4/25/2022 8:47:29,2-5 years,Operations Specialist,2-5 years,$24.15,"$34,000","$1,000",31-40,NY,White,Man
4/25/2022 10:48:55,2-5 years,Ft expert,0-1 years,26.48,55k before taxes ,"3,000",21-30,NJ ,Asian,Woman
4/25/2022 10:54:59,2-5 years,Pro,2-5 years,$28.00,"$58,239",1500,21-30,NY,Hispanic or Latino or Spanish Origin of any race,Man
4/25/2022 12:33:25,10-15 years,Business Pro,2-5 years,$36,"74,000","$2,000",41-50,MA,White,Man
4/25/2022 13:50:31,2-5 years,FT Ops Specialist,2-5 years,$21.23,"$44,149","$1,500",21-30,GA,White,Non-binary / non-conforming
4/25/2022 13:51:27,2-5 years,FT Expert,2-5 years,Not sure ,£27002 ,"$3,000",21-30,UK (not London) ,White,Woman
4/25/2022 15:01:31,2-5 years,PZ specialist ,2-5 years,£11.90,£12500,£1300,31-40,England,White,Man
4/25/2022 16:04:08,6-10 years,Genius admin ,2-5 years,23.14 USD,"48,131 USD",2000 USD,21-30,Florida,Black or African American,Woman
4/25/2022 17:24:54,6-10 years,PT Technical Expert,2-5 years,$27.25,"$34,700","$2,500",21-30,CA,Hispanic or Latino or Spanish Origin of any race,Man
4/25/2022 17:46:11,2-5 years,FT Specialist,2-5 years,20.32,"$42,262",1500,21-30,FL,White,Woman
4/25/2022 19:15:29,10-15 years,FT Genius Admin,2-5 years,$25.69,"$53,000","$2,000",31-40,Florida,White,Woman
4/25/2022 19:45:10,6-10 years,Creative Pro,2-5 years,25.7,"26,499",n/a,21-30,Missouri,White,Woman
4/25/2022 20:00:33,6-10 years,Genius ,2-5 years,$31.58,$66.00,$2.00,41-50,NY,Hispanic or Latino or Spanish Origin of any race,Man
4/25/2022 20:12:31,10-15 years,Lead Genius,2-5 years,33.47,"$69,610",3429.72,31-40,Mn,I choose not to disclose,Man
4/25/2022 21:26:00,2-5 years,Genius Admin,2-5 years,$22.98,"$58,000","$2,500",21-30,NJ,White,Woman
4/25/2022 22:03:22,0-1 years,FT specialist,0-1 years,20,"41,000",Na,21-30,GA,Black or African American,Man
4/25/2022 22:03:45,2-5 years,FT Technical Expert,0-1 years,26.3,"54,704","3,000",21-30,CA,White,Woman
4/25/2022 22:04:03,10-15 years,Creative Pro,2-5 years,$29.98,"$62,000","$2,000",31-40,Ohio,White,Woman
4/25/2022 22:04:20,2-5 years,FT Expert,2-5 years,$23.09,48000,2000,31-40,Wisconsin,White,Man
4/25/2022 22:06:50,2-5 years,Business Pro,0-1 years,$30.06,"$62,000","$1,015",31-40,CA,White,Man
4/25/2022 22:45:20,2-5 years,PT specialist,2-5 years,$20,"$21,500","$1,647",21-30,WI,White,Woman
4/25/2022 23:23:45,6-10 years,Technical Expert,2-5 years,26.9,"$54,011","$2,000",21-30,NV,Hispanic or Latino or Spanish Origin of any race,Man
4/25/2022 23:38:30,2-5 years,Genius Admin,2-5 years,22.92,47682,2000,21-30,IA,White,Man
4/26/2022 0:40:06,0-1 years,PT Technical Specialist ,0-1 years,$20.00,"$22,400",0,21-30,TN,I choose not to disclose,Man
4/26/2022 0:50:37,2-5 years,PT Technical Expert,0-1 years,$24.27,"$30,000","$2,000",21-30,CA,Asian,Man
4/26/2022 2:38:25,2-5 years,FT Genius Admin,2-5 years,£12.08,"£23,880","$2,000",21-30,North UK ,White,Man
4/26/2022 5:38:36,6-10 years,Genius Admin,0-1 years,£13.41,26600,2000,31-40,North UK,White,Man
4/26/2022 7:20:02,6-10 years,FT Genius,2-5 years,Unsure,"JPY6,000,000","$3,000",21-30,Japan,Asian,Man
4/26/2022 14:43:47,2-5 years,Pro,0-1 years,$29.97,"$62,272","$2,500",21-30,NY,Hispanic or Latino or Spanish Origin of any race,Man
4/26/2022 15:15:23,6-10 years,FT Technical Expert,2-5 years,29.5,65000,2500,21-30,BC,Asian,Man
4/26/2022 15:28:52,2-5 years,FT Business Expert,0-1 years,£N/A,"£27,740","$1,600",21-30,UK (Outside London),White,Man
4/26/2022 15:52:43,6-10 years,Pro,2-5 years,£13.15,£33900,"$2,000",31-40,UK,Black or African American,Man
4/26/2022 16:31:43,6-10 years,Genius,2-5 years,$33,"$68,640","$3,000",31-40,NY,Hispanic or Latino or Spanish Origin of any race,Man
4/26/2022 16:25:13,2-5 years,Pt tech specialist ,2-5 years,24.5,"41,000",Idk,21-30,NY,Black or African American,Woman
4/26/2022 16:48:41,6-10 years,FT Genius,2-5 years,£18.22,"£36,012","$2,000",31-40,"London, United Kingdom",White,Man
4/26/2022 16:56:26,6-10 years,PT Genius,0-1 years,31.34,"$53,000",RSU $2200 / merit $2,21-30,NY,White,Man
4/26/2022 17:40:46,2-5 years,FT Operations Specialist,0-1 years,$23,"$48,000","$3,000",21-30,TX,White,Woman
4/26/2022 17:57:15,2-5 years,PT Specialist ,2-5 years,$21.91,"$30,000","$1,000",31-40,IL,White,Man
4/26/2022 19:48:38,6-10 years,Senior Customer Service,2-5 years,$24.67,"$51,309","$2,000",41-50,TX,White,Woman
4/26/2022 19:53:55,6-10 years,FT AHA Mac+,6-8 years,$20.68,"$42,993","$4,424",31-40,NM,Hispanic or Latino or Spanish Origin of any race,Man
4/26/2022 20:51:49,6-10 years,genius,2-5 years,26,"50,000","2,000",21-30,AZ,Hispanic or Latino or Spanish Origin of any race,Woman
4/26/2022 20:57:21,2-5 years,PT Technical Expert,2-5 years,23.00 CAD,23920 CAD,1000 USD,21-30,Alberta,I choose not to disclose,I choose not to disclose
4/26/2022 22:31:43,2-5 years,Creative Pro,0-1 years,$25.88,53830,"$2,000.00",21-30,Florida,White,Man
4/27/2022 2:07:40,6-10 years,Manager,6-8 years,48$,103000,3000,31-40,Outside us ,White,Man
4/27/2022 4:23:40,6-10 years,FT Genius Admin,0-1 years,£12.37,"£24,500","$2,000",21-30,United Kingdom,White,Man
4/27/2022 4:51:57,2-5 years,Pro,2-5 years,S$ 4835,S$5800,2500,31-40,Singapore,Asian,I choose not to disclose
4/27/2022 5:09:57,2-5 years,PT specialist,2-5 years,S$26,S$28000,1500,31-40,Singapore,Asian,Woman
4/27/2022 6:16:52,6-10 years,FT Expert,2-5 years,$25.32,"$51,000","$2,000",21-30,WA,White,Man
4/27/2022 11:08:22,6-10 years,PT Genius,2-5 years,$28.19,"$29,310","$3,000",31-40,FL,White,Man
4/27/2022 17:43:08,2-5 years,FT Specialist,2-5 years,23.93,"$45,945",1700,31-40,NY,Asian,Man
4/27/2022 18:34:18,2-5 years,FT Business Expert,2-5 years,$25.88,"53,813","3,000",21-30,NY,Asian,Woman
4/27/2022 21:36:23,2-5 years,Genius,0-1 years,$24,"$49,000","$2,000",21-30,GA,White,Man
4/28/2022 1:13:44,2-5 years,FT Specialist ,2-5 years,21.5,"$42,000","$1,500",21-30,OK,White,Man
4/28/2022 1:48:56,6-10 years,Genius,6-8 years,$34.25,"$65,000","$4,000",31-40,NY,White,Man
4/28/2022 8:17:03,6-10 years,Operations Expert,6-8 years,33.15 AUD,65500 AUD,2000AUD,21-30,Queensland,White,Man
4/28/2022 10:00:31,2-5 years,PT Technical Expert,0-1 years,$23.75,"$27,360","$2,000",21-30,DE,White,Man
4/28/2022 11:52:52,2-5 years,PT technical specialist ,0-1 years,22.87,"$35,000","$2,200",21-30,NJ,White,Man
4/28/2022 13:20:53,0-1 years,PT SPECIALIST W/ backstage access,0-1 years,22$,"22,000",N/A,21-30,NJ,White,Man
4/28/2022 13:54:05,10-15 years,FT Specialist,9-11 years,$24.33 USD,"$50,605 USD",$3500 USD,31-40,FL,Black or African American,Woman
4/28/2022 14:15:30,2-5 years,FT Creative Pro ,2-5 years,$26.17,"$54,443","$2,000",21-30,OK,White,Man
4/28/2022 14:29:59,2-5 years,FT Operations Lead,0-1 years,35.51,"73,839",2000,21-30,New York City,Hispanic or Latino or Spanish Origin of any race,Woman
4/28/2022 15:53:10,10-15 years,Genius Admin,0-1 years,26.66,"$55,449","$2,000",31-40,Texas,White,Man
4/28/2022 15:53:24,2-5 years,pro,0-1 years,£19,£37891,"$2,000",31-40,UK,Hispanic or Latino or Spanish Origin of any race,Woman
4/28/2022 16:53:19,6-10 years,Pro,2-5 years,Mex $129.00,"Mex $404,000","USD $2,000",31-40,CDMX,Hispanic or Latino or Spanish Origin of any race,Man
4/28/2022 18:03:12,2-5 years,FT Tech Expert,0-1 years,23.75,"43,000",N/A,21-30,TX,Black or African American,Man
4/28/2022 18:04:38,2-5 years,FT Technical expert ,0-1 years,23.73,49990,2000,21-30,Texas,Black or African American,Man
4/28/2022 20:05:18,2-5 years,PT Specialist ,2-5 years,21.75,"$18,270",Forgot,21-30,WA,Hispanic or Latino or Spanish Origin of any race,Man
4/28/2022 22:34:21,10-15 years,Pop,0-1 years,37.00 AUD,"74,000 AUD",2200 AUD,31-40,Australia,I choose not to disclose,Man
4/28/2022 23:15:01,2-5 years,FT Technical expert ,2-5 years,$22.70,"47,000","5,836",21-30,KY,Hispanic or Latino or Spanish Origin of any race,Woman
4/28/2022 23:41:16,2-5 years,FT Genius,0-1 years,$26.23,"$54,550","$1,500",21-30,WA,I choose not to disclose,Non-binary / non-conforming
4/29/2022 10:45:18,10-15 years,FT Expert,6-8 years,11,36500,1500,31-40,Italy,White,Man
4/29/2022 12:54:44,2-5 years,Technical Specialist ,2-5 years,/,"€20,500","€1,500",21-30,Italy,White,Man
4/29/2022 15:16:29,6-10 years,Operations Specialist ,0-1 years,21.12,"26,000","$1,000",21-30,Nebraska ,White,Man
4/29/2022 17:16:48,2-5 years,Specialist,2-5 years,€8.00,€22.00,1.50€,21-30,Italy,White,Man
4/29/2022 18:02:18,10-15 years,Lead,2-5 years,34,$70k,$3k,31-40,DE,I choose not to disclose,I choose not to disclose
4/29/2022 18:47:47,6-10 years,FT Technical Expert ,2-5 years,18,27000,2000,31-40,Uk,White,Man
4/29/2022 18:48:00,6-10 years,FT Technical Expert ,2-5 years,18,27000,2000,31-40,Uk,White,Man
4/29/2022 18:59:50,2-5 years,PT Genius,2-5 years,28,29.304$CAD,2000$CAD,21-30,"Quebec, Canada",White,Man
4/30/2022 1:15:59,10-15 years,FT Creative Pro,2-5 years,$27.36,"$56,888","$2,000",31-40,MD,White,Man
4/30/2022 2:17:49,10-15 years,FT Genius,6-8 years,Na,"€37,700",Na,31-40,Eu ,White,Man
4/30/2022 4:15:01,2-5 years,FT Tech Expert ,0-1 years,$30.50 AUD,61000AUD,$1500USD,21-30,New South Wales (Australia),White,Man
4/30/2022 4:24:28,6-10 years,PT Genius Admin,2-5 years,$30.64 AUD,"$48,435 AUD","$1,000 USD",31-40,"NSW, Australia",White,Man
4/30/2022 16:11:00,10-15 years,Genius ,6-8 years,£15.43,"£30,490","$2,000",31-40,Norwich,White,Man
4/30/2022 21:46:54,2-5 years,FT Expert,0-1 years,22.7,47000,1000,21-30,AZ,White,Transgender
4/30/2022 21:53:21,2-5 years,PT Specialist,2-5 years,$21.93 USD,"$33,684 USD",$1500 USD,21-30,FL,Hispanic or Latino or Spanish Origin of any race,Woman
5/1/2022 3:35:18,6-10 years,Genius,0-1 years,$27,"$54,600","$2,000",31-40,NH,Hispanic or Latino or Spanish Origin of any race,Man
5/1/2022 3:42:08,2-5 years,PT tech specialist,2-5 years,$24 CAD,"$25,000",$3000 CAD,51-60,CAN,White,Woman
5/1/2022 5:14:28,10-15 years,Genius,9-11 years,"€20,43","€42,496","€2,000",41-50,Italy,White,Man
5/1/2022 7:25:01,0-1 years,Technical Specialist,0-1 years,23.5,45825,0,21-30,CA,Asian,Man
5/1/2022 10:59:11,2-5 years,Operations Specialist,2-5 years,12.8,23879,1000,21-30,UK,White,Man
5/1/2022 11:01:44,2-5 years,Pt Specialist ,2-5 years,30,"67,000 Aud",1000,31-40,QLD Australia ,White,Man
5/1/2022 11:40:03,6-10 years,Pro,2-5 years,34.17 CAD,"71,073 CAD","2,000 CAD",41-50,Quebec,Hispanic or Latino or Spanish Origin of any race,Man
5/1/2022 11:40:18,10-15 years,Genius,9-11 years,I don’t Know,35.78€,2.00€,41-50,Italy,White,Man
5/1/2022 13:27:36,2-5 years,PT specialist ,2-5 years,23.59 USD,"26,000","1,500 USD",21-30,CA,I choose not to disclose,I choose not to disclose
5/1/2022 13:44:20,2-5 years,Genius,0-1 years,27.60 cad,57k cad,2000$ cad/ sept 2021,21-30,Quebec,White,Woman
5/1/2022 18:22:04,6-10 years,FT Specialist,6-8 years,£12.10,24000,£1000,31-40,UK,White,Man
5/1/2022 19:27:29,2-5 years,FT Specialist,2-5 years,$24.07,"$49,000",n/a,21-30,NY,Hispanic or Latino or Spanish Origin of any race,Man
5/1/2022 20:10:36,2-5 years,PT Technical Specialist,0-1 years,$22.07,"$23,000","$1,500",21-30,IL,Hispanic or Latino or Spanish Origin of any race,Man
5/1/2022 20:31:12,6-10 years,FT Genius Admin,2-5 years,$30.19,"$62,794","$2,000",21-30,NY,Hispanic or Latino or Spanish Origin of any race,Woman
5/2/2022 3:57:48,0-1 years,Genius,0-1 years,$32.00 AUD,32000,0,18-20,"New South Wales, Australia",Asian,Woman
5/2/2022 11:01:07,2-5 years,FT TE,2-5 years,$23.01 USD,"$47,000","$2,000",51-60,Fl,White,Woman
5/2/2022 13:43:05,2-5 years,FT Genius Admin,0-1 years,$26.32,"$54,740",N.a,21-30,New York ,White,Woman